week,title,ranking,weeks_in_top10,hours_viewed
2021-07-04,Fatherhood,1,3,25680000
2021-07-04,Fear Street Part 1: 1994,2,5,16620000
2021-07-04,Wish Dragon,3,5,15260000
2021-07-04,The Ice Road,4,2,13690000
2021-07-04,Good on Paper,5,1,10580000
2021-07-04,Kung Fu Panda 3,6,3,7690000
2021-07-04,Warcraft,7,3,7650000
2021-07-04,Fatale,8,3,6460000
2021-07-04,Skylines,9,1,6130000
2021-07-04,The Mitchells vs. The Machines,10,1,4890000
2021-07-11,Fear Street Part 1: 1994,1,5,19550000
2021-07-11,Fear Street Part 2: 1978,2,4,16060000
2021-07-11,Fatherhood,3,3,12830000
2021-07-11,Warcraft,4,3,10990000
2021-07-11,Wish Dragon,5,5,10590000
2021-07-11,This Little Love of Mine,6,2,9390000
2021-07-11,Mother's Day,7,2,9200000
2021-07-11,How to Train Your Dragon: The Hidden World,8,1,9030000
2021-07-11,Kung Fu Panda 3,9,3,8870000
2021-07-11,The Huntsman: Winter's War,10,1,7460000
2021-07-18,Fear Street Part 3: 1666,1,3,20080000
2021-07-18,Fear Street Part 2: 1978,2,4,16820000
2021-07-18,Fear Street Part 1: 1994,3,5,14370000
2021-07-18,Gunpowder Milkshake,4,1,11770000
2021-07-18,The Water Man,5,1,11630000
2021-07-18,This Little Love of Mine,6,2,8810000
2021-07-18,Wish Dragon,7,5,8550000
2021-07-18,Fatherhood,8,3,7790000
2021-07-18,Twilight,9,4,7640000
2021-07-18,Rust Creek,10,1,6560000
2021-07-25,Trollhunters: Rise of the Titans,1,2,16130000
2021-07-25,The Last Letter From Your Lover,2,3,13140000
2021-07-25,Twilight,3,4,12550000
2021-07-25,Fear Street Part 3: 1666,4,3,12350000
2021-07-25,The Twilight Saga: New Moon,5,2,10320000
2021-07-25,Fear Street Part 1: 1994,6,5,9240000
2021-07-25,The Twilight Saga: Breaking Dawn: Part 2,7,2,9240000
2021-07-25,The Twilight Saga: Eclipse,8,1,9220000
2021-07-25,Fear Street Part 2: 1978,9,4,9100000
2021-07-25,The Twilight Saga: Breaking Dawn: Part 1,10,1,8250000
2021-08-01,Resort to Love,1,4,28050000
2021-08-01,The Last Letter From Your Lover,2,3,18890000
2021-08-01,Trollhunters: Rise of the Titans,3,2,8960000
2021-08-01,Fear Street Part 1: 1994,4,5,6570000
2021-08-01,Wish Dragon,5,5,6290000
2021-08-01,Fear Street Part 3: 1666,6,3,6190000
2021-08-01,Twilight,7,4,5840000
2021-08-01,Fear Street Part 2: 1978,8,4,5840000
2021-08-01,The Twilight Saga: Breaking Dawn: Part 2,9,2,5200000
2021-08-01,The Twilight Saga: New Moon,10,2,5030000
2021-08-08,Aftermath,1,2,24200000
2021-08-08,Resort to Love,2,4,23480000
2021-08-08,Vivo,3,7,21940000
2021-08-08,The Vault,4,3,10870000
2021-08-08,The Losers,5,1,8040000
2021-08-08,The Last Letter From Your Lover,6,3,6850000
2021-08-08,Hotel Transylvania 3: Summer Vacation,7,11,6250000
2021-08-08,Dead Man Down,8,2,5840000
2021-08-08,Wish Dragon,9,5,5150000
2021-08-08,World Trade Center,10,1,5050000
2021-08-15,The Kissing Booth 3,1,3,90860000
2021-08-15,Vivo,2,7,37050000
2021-08-15,Beckett,3,2,23580000
2021-08-15,Hotel Transylvania 3: Summer Vacation,4,11,21460000
2021-08-15,Aftermath,5,2,15870000
2021-08-15,Resort to Love,6,4,9860000
2021-08-15,The Kissing Booth,7,1,8590000
2021-08-15,The Kissing Booth 2,8,1,8370000
2021-08-15,Dead Man Down,9,2,7580000
2021-08-15,Untold: Malice at the Palace,10,1,6450000
2021-08-22,Sweet Girl,1,4,57160000
2021-08-22,The Kissing Booth 3,2,3,26170000
2021-08-22,Beckett,3,2,23870000
2021-08-22,Vivo,4,7,21960000
2021-08-22,The Loud House Movie,5,3,13860000
2021-08-22,The Secret Life of Pets,6,10,10110000
2021-08-22,Hotel Transylvania 3: Summer Vacation,7,11,8550000
2021-08-22,The Girl Next Door,8,1,6900000
2021-08-22,Alvin and the Chipmunks: Chipwrecked,9,2,6870000
2021-08-22,Resort to Love,10,4,6320000
2021-08-29,Sweet Girl,1,4,48140000
2021-08-29,He's All That,2,3,42810000
2021-08-29,SAS: Rise of the Black Swan,3,3,35650000
2021-08-29,The Loud House Movie,4,3,16910000
2021-08-29,The Old Ways,5,1,13720000
2021-08-29,Vivo,6,7,13430000
2021-08-29,The Witcher: Nightmare of the Wolf,7,1,13300000
2021-08-29,The Secret Life of Pets,8,10,10860000
2021-08-29,The Kissing Booth 3,9,3,9560000
2021-08-29,Tomb Raider,10,1,8430000
2021-09-05,He's All That,1,3,36730000
2021-09-05,SAS: Rise of the Black Swan,2,3,32730000
2021-09-05,Afterlife of the Party,3,3,26710000
2021-09-05,Sweet Girl,4,4,13390000
2021-09-05,Vivo,5,7,9380000
2021-09-05,The Loud House Movie,6,3,6640000
2021-09-05,Worth,7,2,6480000
2021-09-05,The Secret Life of Pets,8,10,6450000
2021-09-05,Welcome Home Roscoe Jenkins,9,1,6270000
2021-09-05,Green Lantern,10,1,6230000
2021-09-12,Kate,1,4,38780000
2021-09-12,Afterlife of the Party,2,3,23790000
2021-09-12,Worth,3,2,13560000
2021-09-12,He's All That,4,3,10930000
2021-09-12,SAS: Rise of the Black Swan,5,3,9930000
2021-09-12,In Time,6,3,8930000
2021-09-12,Noah,7,5,7770000
2021-09-12,Vivo,8,7,6960000
2021-09-12,Sweet Girl,9,4,6570000
2021-09-12,Monte Carlo,10,1,6200000
2021-09-19,Kate,1,4,37400000
2021-09-19,Schumacher,2,2,17290000
2021-09-19,Man on Fire,3,6,16160000
2021-09-19,The Marksman,4,4,14680000
2021-09-19,Nightbooks,5,2,13160000
2021-09-19,The Equalizer 2,6,2,12310000
2021-09-19,Firedrake the Silver Dragon,7,1,9650000
2021-09-19,Safe House,8,3,9060000
2021-09-19,Afterlife of the Party,9,3,8100000
2021-09-19,First Kill,10,1,6950000
2021-09-26,Intrusion,1,2,30040000
2021-09-26,The Starling,2,2,16670000
2021-09-26,My Little Pony: A New Generation,3,5,15510000
2021-09-26,Man on Fire,4,6,12590000
2021-09-26,Kate,5,4,11280000
2021-09-26,Grown Ups,6,2,9250000
2021-09-26,Schumacher,7,2,8040000
2021-09-26,Safe House,8,3,6930000
2021-09-26,Nightbooks,9,2,6790000
2021-09-26,The Marksman,10,4,5210000
2021-10-03,The Guilty,1,4,47600000
2021-10-03,My Little Pony: A New Generation,2,5,24510000
2021-10-03,The Starling,3,2,20130000
2021-10-03,No One Gets Out Alive,4,1,17010000
2021-10-03,Britney Vs Spears,5,1,16750000
2021-10-03,Intrusion,6,2,12050000
2021-10-03,Grown Ups,7,2,8130000
2021-10-03,Kate,8,4,5680000
2021-10-03,Man on Fire,9,6,4960000
2021-10-03,Vivo,10,7,4160000
2021-10-10,The Guilty,1,4,42280000
2021-10-10,There's Someone Inside Your House,2,2,20480000
2021-10-10,Venom,3,4,13920000
2021-10-10,My Little Pony: A New Generation,4,5,13370000
2021-10-10,Titanic,5,4,10270000
2021-10-10,Ride Along 2,6,2,8030000
2021-10-10,Heat,7,2,7650000
2021-10-10,Pokémon the Movie: Secrets of the Jungle,8,2,7520000
2021-10-10,Mr. & Mrs. Smith,9,1,7180000
2021-10-10,Security,10,4,6830000
2021-10-17,Venom,1,4,20410000
2021-10-17,The Guilty,2,4,12590000
2021-10-17,Security,3,4,9470000
2021-10-17,My Little Pony: A New Generation,4,5,8220000
2021-10-17,There's Someone Inside Your House,5,2,7380000
2021-10-17,Pokémon the Movie: Secrets of the Jungle,6,2,7300000
2021-10-17,Redemption,7,1,5800000
2021-10-17,Titanic,8,4,5000000
2021-10-17,Going in Style,9,2,4950000
2021-10-17,Knight and Day,10,3,4770000
2021-10-24,Night Teeth,1,2,31870000
2021-10-24,Venom,2,4,7900000
2021-10-24,What Happens in Vegas,3,2,7380000
2021-10-24,A Dog's Journey,4,2,5780000
2021-10-24,My Little Pony: A New Generation,5,5,5570000
2021-10-24,Unfaithful,6,1,5350000
2021-10-24,Going in Style,7,2,4520000
2021-10-24,The Guilty,8,4,4400000
2021-10-24,Street Kings,9,2,3440000
2021-10-24,Hotel Transylvania 3: Summer Vacation,10,11,3430000
2021-10-31,Army of Thieves,1,4,49640000
2021-10-31,Hypnotic,2,2,24620000
2021-10-31,Night Teeth,3,2,17010000
2021-10-31,Final Score,4,1,9840000
2021-10-31,King Arthur: Legend of the Sword,5,1,9150000
2021-10-31,Only Mine,6,1,6670000
2021-10-31,Army of the Dead,7,3,5780000
2021-10-31,Bloodshot,8,5,5600000
2021-10-31,A Dog's Journey,9,2,5350000
2021-10-31,Venom,10,4,4190000
2021-11-07,Army of Thieves,1,4,71610000
2021-11-07,The Harder They Fall,2,3,64760000
2021-11-07,Love Hard,3,5,40530000
2021-11-07,Army of the Dead,4,3,16910000
2021-11-07,Transformers: The Last Knight,5,2,13180000
2021-11-07,21 Jump Street,6,1,11690000
2021-11-07,Hypnotic,7,2,11140000
2021-11-07,The Girl in the Spider's Web,8,1,6580000
2021-11-07,Amina,9,1,6110000
2021-11-07,Just Go With It,10,4,5740000
2021-11-14,Red Notice,1,14,148720000
2021-11-14,Love Hard,2,5,58560000
2021-11-14,The Harder They Fall,3,3,33060000
2021-11-14,Army of Thieves,4,4,20560000
2021-11-14,Father Christmas Is Back,5,1,13780000
2021-11-14,211,6,1,7900000
2021-11-14,Army of the Dead,7,3,7620000
2021-11-14,Passing,8,1,7490000
2021-11-14,Transformers: The Last Knight,9,2,6920000
2021-11-14,Jumanji: The Next Level,10,3,6760000
2021-11-21,Red Notice,1,14,129110000
2021-11-21,The Princess Switch 3: Romancing the Star,2,2,24770000
2021-11-21,Love Hard,3,5,21240000
2021-11-21,Central Intelligence,4,2,14910000
2021-11-21,The Harder They Fall,5,3,13770000
2021-11-21,The Croods,6,11,13440000
2021-11-21,Army of Thieves,7,4,12260000
2021-11-21,Trolls,8,7,10120000
2021-11-21,6 Underground,9,3,7770000
2021-11-21,Goosebumps 2: Haunted Halloween,10,1,7680000
2021-11-28,Red Notice,1,14,50650000
2021-11-28,Bruised,2,3,47700000
2021-11-28,A Boy Called Christmas,3,5,26820000
2021-11-28,A Castle For Christmas,4,3,20870000
2021-11-28,The Princess Switch 3: Romancing the Star,5,2,16250000
2021-11-28,The Croods,6,11,15860000
2021-11-28,Jack Reacher: Never Go Back,7,6,14670000
2021-11-28,Extinct,8,1,13320000
2021-11-28,Central Intelligence,9,2,10520000
2021-11-28,Love Hard,10,5,9780000
2021-12-05,The Power of the Dog,1,3,27200000
2021-12-05,A Castle For Christmas,2,3,25550000
2021-12-05,Red Notice,3,14,25400000
2021-12-05,Bruised,4,3,23370000
2021-12-05,A Boy Called Christmas,5,5,19360000
2021-12-05,Single All The Way,6,2,13820000
2021-12-05,14 Peaks: Nothing Is Impossible,7,1,12170000
2021-12-05,The Christmas Chronicles,8,7,7940000
2021-12-05,The Christmas Chronicles: Part Two,9,4,7790000
2021-12-05,Love Hard,10,5,7240000
2021-12-12,The Unforgivable,1,5,85860000
2021-12-12,Red Notice,2,14,18010000
2021-12-12,Back to the Outback,3,7,16170000
2021-12-12,The Power of the Dog,4,3,13280000
2021-12-12,Single All The Way,5,2,11140000
2021-12-12,A Boy Called Christmas,6,5,10750000
2021-12-12,A Castle For Christmas,7,3,10050000
2021-12-12,Redemption Day,8,1,9790000
2021-12-12,Bruised,9,3,8970000
2021-12-12,The Christmas Chronicles,10,7,8510000
2021-12-19,The Unforgivable,1,5,74440000
2021-12-19,Back to the Outback,2,7,38990000
2021-12-19,A California Christmas: City Lights,3,2,22860000
2021-12-19,Red Notice,4,14,12710000
2021-12-19,The Shack,5,2,11730000
2021-12-19,Spider-Man: Homecoming,6,3,9370000
2021-12-19,John Wick: Chapter 3 - Parabellum,7,1,8790000
2021-12-19,The Christmas Chronicles,8,7,8430000
2021-12-19,The Christmas Chronicles: Part Two,9,4,7840000
2021-12-19,A Boy Called Christmas,10,5,7270000
2021-12-26,Don't Look Up,1,8,111030000
2021-12-26,The Unforgivable,2,5,26600000
2021-12-26,Fast & Furious Presents: Hobbs & Shaw,3,4,26590000
2021-12-26,Back to the Outback,4,7,24750000
2021-12-26,Spider-Man: Homecoming,5,3,20000000
2021-12-26,The Christmas Chronicles,6,7,12910000
2021-12-26,Red Notice,7,14,12140000
2021-12-26,A California Christmas: City Lights,8,2,11630000
2021-12-26,The Christmas Chronicles: Part Two,9,4,10990000
2021-12-26,A Boy Called Christmas,10,5,9120000
2022-01-02,Don't Look Up,1,8,152290000
2022-01-02,The Unforgivable,2,5,21310000
2022-01-02,The Lost Daughter,3,2,18260000
2022-01-02,Back to the Outback,4,7,17720000
2022-01-02,Red Notice,5,14,14540000
2022-01-02,Spider-Man: Homecoming,6,3,14180000
2022-01-02,Fast & Furious Presents: Hobbs & Shaw,7,4,12870000
2022-01-02,Death to 2021,8,1,10380000
2022-01-02,Journey 2: The Mysterious Island,9,3,5440000
2022-01-02,Spider-Man,10,1,5430000
2022-01-09,Don't Look Up,1,8,58200000
2022-01-09,Mother/Android,2,3,29730000
2022-01-09,The Lost Daughter,3,2,20370000
2022-01-09,Back to the Outback,4,7,12430000
2022-01-09,The Unforgivable,5,5,11340000
2022-01-09,Red Notice,6,14,11090000
2022-01-09,Just Go With It,7,4,10530000
2022-01-09,Journey 2: The Mysterious Island,8,3,10520000
2022-01-09,Seal Team,9,1,10310000
2022-01-09,The Longest Yard,10,1,9960000
2022-01-16,Brazen,1,3,45340000
2022-01-16,Don't Look Up,2,8,28390000
2022-01-16,Mother/Android,3,3,23170000
2022-01-16,The Secret Life of Pets 2,4,11,9390000
2022-01-16,Just Go With It,5,4,8790000
2022-01-16,Red Notice,6,14,8710000
2022-01-16,Back to the Outback,7,7,8710000
2022-01-16,Tides,8,1,8470000
2022-01-16,Riverdance: The Animated Adventure,9,2,7860000
2022-01-16,The Clovehitch Killer,10,1,7000000
2022-01-23,The Royal Treatment,1,3,42490000
2022-01-23,Brazen,2,3,28570000
2022-01-23,Don't Look Up,3,8,17130000
2022-01-23,The Secret Life of Pets 2,4,11,16800000
2022-01-23,Riverdance: The Animated Adventure,5,2,11840000
2022-01-23,Munich – The Edge of War,6,2,11110000
2022-01-23,After We Fell,7,1,8980000
2022-01-23,Red Notice,8,14,7310000
2022-01-23,Back to the Outback,9,7,6320000
2022-01-23,Mother/Android,10,3,5330000
2022-01-30,The Royal Treatment,1,3,26580000
2022-01-30,Home Team,2,3,21050000
2022-01-30,Munich – The Edge of War,3,2,17320000
2022-01-30,Don't Look Up,4,8,10250000
2022-01-30,The Secret Life of Pets 2,5,11,7850000
2022-01-30,Red Notice,6,14,6540000
2022-01-30,Hotel Transylvania 3: Summer Vacation,7,11,6280000
2022-01-30,Brazen,8,3,5840000
2022-01-30,The Possession of Hannah Grace,9,1,5760000
2022-01-30,A Perfect Enemy,10,1,4870000
2022-02-06,The Tinder Swindler,1,5,45800000
2022-02-06,Home Team,2,3,33630000
2022-02-06,Despicable Me 2,3,19,14340000
2022-02-06,13 Hours: The Secret Soldiers of Benghazi,4,4,12980000
2022-02-06,Transformers: Revenge of the Fallen,5,1,9790000
2022-02-06,The Royal Treatment,6,3,8510000
2022-02-06,Don't Look Up,7,8,6930000
2022-02-06,Despicable Me,8,9,6850000
2022-02-06,Can You Keep a Secret?,9,1,6410000
2022-02-06,Faster,10,2,6370000
2022-02-13,The Tinder Swindler,1,5,64700000
2022-02-13,Tall Girl 2,2,3,27440000
2022-02-13,13 Hours: The Secret Soldiers of Benghazi,3,4,13270000
2022-02-13,Despicable Me 2,4,19,13080000
2022-02-13,Home Team,5,3,10550000
2022-02-13,Despicable Me,6,9,8950000
2022-02-13,Dora and the Lost City of Gold,7,2,8750000
2022-02-13,Faster,8,2,6850000
2022-02-13,The Power of the Dog,9,3,5460000
2022-02-13,Don't Look Up,10,8,5360000
2022-02-20,The Tinder Swindler,1,5,34450000
2022-02-20,Texas Chainsaw Massacre,2,2,29180000
2022-02-20,Tall Girl 2,3,3,21740000
2022-02-20,Fistful of Vengeance,4,2,18300000
2022-02-20,Despicable Me 2,5,19,11510000
2022-02-20,Abominable,6,2,8960000
2022-02-20,St. Vincent,7,1,7640000
2022-02-20,Downfall: The Case Against Boeing,8,2,7420000
2022-02-20,Despicable Me,9,9,7170000
2022-02-20,The Vanishing,10,1,7030000
2022-02-27,A Madea Homecoming,1,5,31560000
2022-02-27,The Tinder Swindler,2,5,17670000
2022-02-27,Texas Chainsaw Massacre,3,2,17440000
2022-02-27,Downfall: The Case Against Boeing,4,2,9910000
2022-02-27,Despicable Me 2,5,19,9750000
2022-02-27,Fistful of Vengeance,6,2,7560000
2022-02-27,Tall Girl 2,7,3,7470000
2022-02-27,Abominable,8,2,7330000
2022-02-27,Despicable Me,9,9,5590000
2022-02-27,Red Notice,10,14,4970000
2022-03-06,The Weekend Away,1,3,44450000
2022-03-06,Against The Ice,2,2,30730000
2022-03-06,A Madea Homecoming,3,5,26410000
2022-03-06,Spider-Man: Into the Spider-Verse,4,2,13940000
2022-03-06,Shrek 2,5,7,13040000
2022-03-06,The Tinder Swindler,6,5,9510000
2022-03-06,Shrek,7,15,7780000
2022-03-06,Just Like Heaven,8,1,7160000
2022-03-06,Despicable Me 2,9,19,6890000
2022-03-06,Battleship,10,1,6710000
2022-03-13,The Adam Project,1,8,92430000
2022-03-13,The Weekend Away,2,3,26260000
2022-03-13,Against The Ice,3,2,12730000
2022-03-13,Shrek,4,15,10380000
2022-03-13,Shrek 2,5,7,9900000
2022-03-13,A Madea Homecoming,6,5,9030000
2022-03-13,Shooter,7,5,7390000
2022-03-13,Spider-Man: Into the Spider-Verse,8,2,5910000
2022-03-13,Despicable Me 2,9,19,5720000
2022-03-13,Coach Carter,10,2,5450000
2022-03-20,The Adam Project,1,8,85360000
2022-03-20,Rescued by Ruby,2,3,19940000
2022-03-20,Gemini Man,3,7,11840000
2022-03-20,The Ice Road,4,2,11650000
2022-03-20,The Weekend Away,5,3,9240000
2022-03-20,A Walk Among the Tombstones,6,2,9030000
2022-03-20,Windfall,7,2,8360000
2022-03-20,Shrek,8,15,7870000
2022-03-20,Shrek 2,9,7,6750000
2022-03-20,A Madea Homecoming,10,5,5790000
2022-03-27,The Adam Project,1,8,31700000
2022-03-27,Rescued by Ruby,2,3,17030000
2022-03-27,Gemini Man,3,7,16450000
2022-03-27,Windfall,4,2,15490000
2022-03-27,John Wick: Chapter 2,5,1,7800000
2022-03-27,The Dead Don't Die,6,2,7570000
2022-03-27,6 Underground,7,3,7440000
2022-03-27,A Walk Among the Tombstones,8,2,6740000
2022-03-27,Shrek,9,15,6350000
2022-03-27,Despicable Me 2,10,19,5750000
2022-04-03,The Adam Project,1,8,17720000
2022-04-03,The Bubble,2,2,12450000
2022-04-03,Trust No One: The Hunt for the Crypto King,3,1,12070000
2022-04-03,The Blind Side,4,2,9880000
2022-04-03,6 Underground,5,3,8730000
2022-04-03,Blade Runner 2049,6,1,7850000
2022-04-03,Shrek Forever After,7,5,7690000
2022-04-03,Gemini Man,8,7,7000000
2022-04-03,Rescued by Ruby,9,3,6380000
2022-04-03,Escape Room,10,1,6140000
2022-04-10,The In Between,1,4,26770000
2022-04-10,The Adam Project,2,8,10900000
2022-04-10,The Bubble,3,2,9950000
2022-04-10,Shrek Forever After,4,5,9770000
2022-04-10,The Blind Side,5,2,8710000
2022-04-10,Four Brothers,6,2,8170000
2022-04-10,Enough,7,2,5790000
2022-04-10,How It Ends,8,4,5650000
2022-04-10,Shrek,9,15,5340000
2022-04-10,Return to Space,10,2,4550000
2022-04-17,The In Between,1,4,35900000
2022-04-17,Choose or Die,2,2,16000000
2022-04-17,A Score to Settle,3,1,9750000
2022-04-17,The Adam Project,4,8,9270000
2022-04-17,Metal Lords,5,1,8740000
2022-04-17,How It Ends,6,4,8600000
2022-04-17,The Call,7,1,7710000
2022-04-17,Return to Space,8,2,7150000
2022-04-17,Cleaner,9,2,6770000
2022-04-17,A Dog's Way Home,10,2,5750000
2022-04-24,Choose or Die,1,2,15260000
2022-04-24,The In Between,2,4,13350000
2022-04-24,White Hot: The Rise & Fall of Abercrombie & Fitch,3,1,9920000
2022-04-24,How It Ends,4,4,8280000
2022-04-24,Yakuza Princess,5,1,7490000
2022-04-24,The Adam Project,6,8,7480000
2022-04-24,Playing with Fire,7,1,6750000
2022-04-24,The Vault,8,3,6620000
2022-04-24,Shrek,9,15,5310000
2022-04-24,Cleaner,10,2,4920000
2022-05-01,365 Days: This Day,1,4,77980000
2022-05-01,Silverton Siege,2,2,20280000
2022-05-01,The Mystery of Marilyn Monroe: The Unheard Tapes,3,2,15360000
2022-05-01,365 Days,4,2,10040000
2022-05-01,The Vault,5,3,6660000
2022-05-01,How It Ends,6,4,6640000
2022-05-01,The In Between,7,4,6050000
2022-05-01,The Adam Project,8,8,5660000
2022-05-01,Sonic the Hedgehog,9,12,4920000
2022-05-01,Shrek,10,15,4540000
2022-05-08,365 Days: This Day,1,4,27530000
2022-05-08,Sonic the Hedgehog,2,12,17150000
2022-05-08,Silverton Siege,3,2,11150000
2022-05-08,Along for the Ride,4,2,10840000
2022-05-08,The Gentlemen,5,1,8610000
2022-05-08,U.S. Marshals,6,2,8080000
2022-05-08,The Mystery of Marilyn Monroe: The Unheard Tapes,7,2,7590000
2022-05-08,Men in Black: International,8,2,7370000
2022-05-08,Marmaduke,9,3,7010000
2022-05-08,365 Days,10,2,6290000
2022-05-15,Senior Year,1,6,55940000
2022-05-15,Our Father,2,3,23870000
2022-05-15,Marmaduke,3,3,15030000
2022-05-15,Along for the Ride,4,2,13310000
2022-05-15,Operation Mincemeat,5,2,12620000
2022-05-15,Sonic the Hedgehog,6,12,12290000
2022-05-15,365 Days: This Day,7,4,10580000
2022-05-15,U.S. Marshals,8,2,5520000
2022-05-15,Den of Thieves,9,1,5420000
2022-05-15,Men in Black: International,10,2,4650000
2022-05-22,Senior Year,1,6,62420000
2022-05-22,A Perfect Pairing,2,5,33000000
2022-05-22,Dangerous,3,2,18060000
2022-05-22,Sonic the Hedgehog,4,12,15990000
2022-05-22,Our Father,5,3,13580000
2022-05-22,Jackass 4.5,6,3,12080000
2022-05-22,Marmaduke,7,3,7480000
2022-05-22,Operation Mincemeat,8,2,6720000
2022-05-22,365 Days: This Day,9,4,6110000
2022-05-22,Borrego,10,1,6080000
2022-05-29,A Perfect Pairing,1,5,32630000
2022-05-29,Senior Year,2,6,24560000
2022-05-29,Jackass 4.5,3,3,18540000
2022-05-29,Dangerous,4,2,11740000
2022-05-29,Sonic the Hedgehog,5,12,8910000
2022-05-29,Top Gun,6,1,6440000
2022-05-29,Cleveland Abduction,7,1,6360000
2022-05-29,Turbo,8,4,5310000
2022-05-29,Our Father,9,3,5150000
2022-05-29,Ben Is Back,10,1,4610000
2022-06-05,Interceptor,1,3,35600000
2022-06-05,A Perfect Pairing,2,5,14410000
2022-06-05,The Amazing Spider-Man,3,2,13500000
2022-06-05,Senior Year,4,6,13260000
2022-06-05,Memoirs of a Geisha,5,1,10200000
2022-06-05,The Outpost,6,1,10120000
2022-06-05,Disappearance at Clifton Hill,7,1,8670000
2022-06-05,Sonic the Hedgehog,8,12,6500000
2022-06-05,Jack Reacher,9,3,5370000
2022-06-05,Jackass 4.5,10,3,4820000
2022-06-12,Hustle,1,6,84580000
2022-06-12,Interceptor,2,3,40700000
2022-06-12,Chickenhare and the Hamster of Darkness,3,4,9820000
2022-06-12,The Amazing Spider-Man,4,2,8440000
2022-06-12,Senior Year,5,6,7220000
2022-06-12,A Perfect Pairing,6,5,7130000
2022-06-12,Mission: Impossible - Ghost Protocol,7,1,6550000
2022-06-12,Rambo: Last Blood,8,1,6530000
2022-06-12,Deep Impact,9,1,6260000
2022-06-12,Sonic the Hedgehog,10,12,5510000
2022-06-19,Hustle,1,6,57190000
2022-06-19,Spiderhead,2,3,35400000
2022-06-19,Chickenhare and the Hamster of Darkness,3,4,23750000
2022-06-19,Halftime,4,2,18880000
2022-06-19,Interceptor,5,3,13110000
2022-06-19,Collision,6,2,12960000
2022-06-19,Trees of Peace,7,1,9380000
2022-06-19,Sonic the Hedgehog,8,12,4570000
2022-06-19,A Perfect Pairing,9,5,4440000
2022-06-19,Senior Year,10,6,4200000
2022-06-26,The Man from Toronto,1,6,53890000
2022-06-26,Spiderhead,2,3,38300000
2022-06-26,Hustle,3,6,26050000
2022-06-26,Love & Gelato,4,2,25790000
2022-06-26,Sing 2,5,13,24270000
2022-06-26,Chickenhare and the Hamster of Darkness,6,4,10960000
2022-06-26,Collision,7,2,8450000
2022-06-26,The Mist,8,2,8400000
2022-06-26,Halftime,9,2,8370000
2022-06-26,It,10,1,8350000
2022-07-03,The Man from Toronto,1,6,62640000
2022-07-03,Sing 2,2,13,24080000
2022-07-03,Love & Gelato,3,2,18900000
2022-07-03,Hustle,4,6,14640000
2022-07-03,Glamour Girls,5,1,12390000
2022-07-03,Homefront,6,1,11000000
2022-07-03,Spiderhead,7,3,9520000
2022-07-03,The Mist,8,2,6230000
2022-07-03,Chickenhare and the Hamster of Darkness,9,4,5980000
2022-07-03,Backtrace,10,1,4530000
2022-07-10,The Sea Beast,1,7,33520000
2022-07-10,Girl in the Picture,2,3,28380000
2022-07-10,The Man from Toronto,3,6,24380000
2022-07-10,Sing 2,4,13,16580000
2022-07-10,American Assassin,5,4,13360000
2022-07-10,Grand Isle,6,1,11460000
2022-07-10,"Hello, Goodbye, and Everything in Between",7,2,10260000
2022-07-10,Hustle,8,6,9400000
2022-07-10,Mean Girls,9,3,8110000
2022-07-10,The Dark Knight Rises,10,1,7750000
2022-07-17,The Sea Beast,1,7,68110000
2022-07-17,Persuasion,2,3,28720000
2022-07-17,Girl in the Picture,3,3,23590000
2022-07-17,The Man from Toronto,4,6,13500000
2022-07-17,Sing 2,5,13,12220000
2022-07-17,12 Strong,6,2,11810000
2022-07-17,Spider-Man: No Way Home,7,2,8080000
2022-07-17,CHIPS,8,2,7480000
2022-07-17,Hustle,9,6,6450000
2022-07-17,"Hello, Goodbye, and Everything in Between",10,2,6170000
2022-07-24,The Gray Man,1,6,88550000
2022-07-24,The Sea Beast,2,7,34140000
2022-07-24,Persuasion,3,3,29040000
2022-07-24,Clean,4,1,11290000
2022-07-24,Daughter of the Wolf,5,1,11080000
2022-07-24,Sing 2,6,13,10150000
2022-07-24,The Man from Toronto,7,6,8790000
2022-07-24,Girl in the Picture,8,3,7360000
2022-07-24,CHIPS,9,2,5080000
2022-07-24,12 Strong,10,2,4610000
2022-07-31,The Gray Man,1,6,96470000
2022-07-31,Purple Hearts,2,6,48230000
2022-07-31,The Sea Beast,3,7,21070000
2022-07-31,Persuasion,4,3,11070000
2022-07-31,Sing 2,5,13,9370000
2022-07-31,Spider-Man: Far from Home,6,2,8300000
2022-07-31,The Man from Toronto,7,6,7620000
2022-07-31,Shania Twain: Not Just a Girl,8,1,4640000
2022-07-31,Line of Duty,9,1,4140000
2022-07-31,Red Notice,10,14,4090000
2022-08-07,Purple Hearts,1,6,102590000
2022-08-07,The Gray Man,2,6,38900000
2022-08-07,Uncharted,3,5,20650000
2022-08-07,Wedding Season,4,2,18600000
2022-08-07,The Sea Beast,5,7,14340000
2022-08-07,Spider-Man: Far from Home,6,2,11320000
2022-08-07,The Age of Adaline,7,1,9340000
2022-08-07,Tower Heist,8,1,8700000
2022-08-07,Men in Black 3,9,1,8680000
2022-08-07,Sing 2,10,13,7950000
2022-08-14,Day Shift,1,4,56510000
2022-08-14,Purple Hearts,2,6,46370000
2022-08-14,Uncharted,3,5,23710000
2022-08-14,The Gray Man,4,6,21160000
2022-08-14,Wedding Season,5,2,19010000
2022-08-14,The Sea Beast,6,7,10850000
2022-08-14,1917,7,1,10840000
2022-08-14,Flight,8,1,10710000
2022-08-14,The Informer,9,1,8330000
2022-08-14,Sing 2,10,13,7270000
2022-08-21,Day Shift,1,4,63390000
2022-08-21,Look Both Ways,2,3,48060000
2022-08-21,The Next 365 Days,3,3,39310000
2022-08-21,Purple Hearts,4,6,23410000
2022-08-21,Untold: The Girlfriend Who Didn't Exist: Season 1,5,2,20050000
2022-08-21,The Gray Man,6,6,14640000
2022-08-21,The Angry Birds Movie 2,7,2,11470000
2022-08-21,Uncharted,8,5,8660000
2022-08-21,The Sea Beast,9,7,8120000
2022-08-21,Inside the Mind of a Cat,10,1,6990000
2022-08-28,Me Time,1,5,59230000
2022-08-28,Look Both Ways,2,3,29890000
2022-08-28,The Next 365 Days,3,3,27010000
2022-08-28,Day Shift,4,4,20460000
2022-08-28,Purple Hearts,5,6,12360000
2022-08-28,The Mummy,6,1,11540000
2022-08-28,Running with the Devil: The Wild World of John McAfee,7,1,10630000
2022-08-28,Untold: The Girlfriend Who Didn't Exist: Season 1,8,2,10480000
2022-08-28,That's Amor,9,2,10470000
2022-08-28,The Great Wall,10,3,10090000
2022-09-04,Me Time,1,5,56560000
2022-09-04,Love in the Villa,2,3,41220000
2022-09-04,I Came By,3,3,30790000
2022-09-04,That's Amor,4,2,17420000
2022-09-04,Look Both Ways,5,3,11780000
2022-09-04,Day Shift,6,4,9450000
2022-09-04,The Next 365 Days,7,3,9070000
2022-09-04,Purple Hearts,8,6,7520000
2022-09-04,The Gray Man,9,6,6260000
2022-09-04,Collateral,10,1,6100000
2022-09-11,End of the Road,1,3,30210000
2022-09-11,Love in the Villa,2,3,29530000
2022-09-11,I Came By,3,3,26800000
2022-09-11,Me Time,4,5,20660000
2022-09-11,Morbius,5,3,12200000
2022-09-11,White Chicks,6,1,9210000
2022-09-11,Despicable Me 2,7,19,7590000
2022-09-11,Hanna,8,1,7120000
2022-09-11,Triple 9,9,1,6530000
2022-09-11,Labor Day,10,1,6510000
2022-09-18,End of the Road,1,3,27190000
2022-09-18,Do Revenge,2,3,26670000
2022-09-18,Love in the Villa,3,3,8870000
2022-09-18,Me Time,4,5,7910000
2022-09-18,Morbius,5,3,7530000
2022-09-18,I Came By,6,3,7360000
2022-09-18,Despicable Me 2,7,19,7160000
2022-09-18,The Invisible Man,8,1,6530000
2022-09-18,Dolittle,9,2,5580000
2022-09-18,This Is the End,10,2,5250000
2022-09-25,Do Revenge,1,3,42550000
2022-09-25,Lou,2,3,40570000
2022-09-25,Father Stu,3,3,13770000
2022-09-25,I Used to Be Famous,4,1,11630000
2022-09-25,A Jazzman's Blues,5,2,7820000
2022-09-25,Me Time,6,5,6230000
2022-09-25,Minions & More Volume 1,7,3,5660000
2022-09-25,End of the Road,8,3,5540000
2022-09-25,This Is the End,9,2,5320000
2022-09-25,Dolittle,10,2,5130000
2022-10-02,Lou,1,3,46190000
2022-10-02,Blonde,2,3,37340000
2022-10-02,Do Revenge,3,3,15920000
2022-10-02,A Jazzman's Blues,4,2,15670000
2022-10-02,Minions & More Volume 1,5,3,10530000
2022-10-02,Last Seen Alive,6,2,8110000
2022-10-02,Marauders,7,2,6700000
2022-10-02,Inheritance,8,4,6420000
2022-10-02,Father Stu,9,3,5450000
2022-10-02,Elysium,10,1,5170000
2022-10-09,Luckiest Girl Alive,1,4,43080000
2022-10-09,Mr. Harrigan's Phone,2,3,35420000
2022-10-09,Last Seen Alive,3,2,18810000
2022-10-09,Blonde,4,3,17410000
2022-10-09,Lou,5,3,12600000
2022-10-09,The Boss Baby,6,22,8510000
2022-10-09,Sing,7,17,8420000
2022-10-09,Marauders,8,2,8350000
2022-10-09,The Redeem Team,9,2,7850000
2022-10-09,Minions & More Volume 1,10,3,7090000
2022-10-16,Luckiest Girl Alive,1,4,57010000
2022-10-16,The Curse of Bridge Hollow,2,4,25120000
2022-10-16,Blackout,3,2,21090000
2022-10-16,Mr. Harrigan's Phone,4,3,20080000
2022-10-16,Sing,5,17,12310000
2022-10-16,The Redeem Team,6,2,10290000
2022-10-16,The Boss Baby,7,22,7390000
2022-10-16,Running with the Devil,8,1,6160000
2022-10-16,Blonde,9,3,6090000
2022-10-16,Black and Blue,10,2,5600000
2022-10-23,The School for Good and Evil,1,4,78830000
2022-10-23,The Curse of Bridge Hollow,2,4,25340000
2022-10-23,Luckiest Girl Alive,3,4,19300000
2022-10-23,The Stranger,4,2,17040000
2022-10-23,Blackout,5,2,12120000
2022-10-23,Black and Blue,6,2,9200000
2022-10-23,Sing,7,17,7300000
2022-10-23,Mr. Harrigan's Phone,8,3,5770000
2022-10-23,The Boss Baby,9,22,5190000
2022-10-23,Charlie's Angels,10,1,4920000
2022-10-30,The Good Nurse,1,4,68310000
2022-10-30,The School for Good and Evil,2,4,41950000
2022-10-30,The Stranger,3,2,9170000
2022-10-30,Wild Is the Wind,4,2,8890000
2022-10-30,The Curse of Bridge Hollow,5,4,8170000
2022-10-30,Luckiest Girl Alive,6,4,8020000
2022-10-30,Sing,7,17,5420000
2022-10-30,The Boss Baby,8,22,4210000
2022-10-30,Hubie Halloween,9,1,3960000
2022-10-30,Blade of the 47 Ronin,10,1,3940000
2022-11-06,Enola Holmes 2,1,4,64080000
2022-11-06,The Good Nurse,2,4,36780000
2022-11-06,The School for Good and Evil,3,4,19030000
2022-11-06,War,4,1,16760000
2022-11-06,Wild Is the Wind,5,2,16390000
2022-11-06,The Bad Guys,6,4,15910000
2022-11-06,Hotel Transylvania 2,7,6,10370000
2022-11-06,Enola Holmes,8,3,9640000
2022-11-06,Oblivion,9,1,5860000
2022-11-06,The Curse of Bridge Hollow,10,4,5030000
2022-11-13,Enola Holmes 2,1,4,62860000
2022-11-13,Falling for Christmas,2,7,48360000
2022-11-13,Enola Holmes,3,3,18650000
2022-11-13,Medieval,4,1,18230000
2022-11-13,The Good Nurse,5,4,15060000
2022-11-13,Minions & More Volume 2,6,2,13510000
2022-11-13,The Bad Guys,7,4,12190000
2022-11-13,Where the Crawdads Sing,8,5,10830000
2022-11-13,The School for Good and Evil,9,4,8850000
2022-11-13,Hotel Transylvania 2,10,6,7920000
2022-11-20,Falling for Christmas,1,7,37850000
2022-11-20,Slumberland,2,4,33370000
2022-11-20,The Wonder,3,2,26180000
2022-11-20,Enola Holmes 2,4,4,21420000
2022-11-20,Where the Crawdads Sing,5,5,20330000
2022-11-20,Christmas with You,6,2,17930000
2022-11-20,Minions & More Volume 2,7,2,10500000
2022-11-20,The Good Nurse,8,4,8800000
2022-11-20,Enola Holmes,9,3,7610000
2022-11-20,I Am Vanessa Guillen,10,1,7500000
2022-11-27,Slumberland,1,4,45430000
2022-11-27,The Noel Diary,2,4,36270000
2022-11-27,The Swimmers,3,3,22480000
2022-11-27,The Wonder,4,2,16860000
2022-11-27,Falling for Christmas,5,7,14980000
2022-11-27,Christmas with You,6,2,13800000
2022-11-27,Christmas on Mistletoe Farm,7,2,13470000
2022-11-27,Enola Holmes 2,8,4,9670000
2022-11-27,Where the Crawdads Sing,9,5,9640000
2022-11-27,Ghislaine Maxwell: Filthy Rich,10,2,7290000
2022-12-04,The Noel Diary,1,4,27630000
2022-12-04,The Swimmers,2,3,27040000
2022-12-04,Lady Chatterley's Lover,3,3,20000000
2022-12-04,Slumberland,4,4,17830000
2022-12-04,Bullet Train,5,5,11320000
2022-12-04,Christmas on Mistletoe Farm,6,2,11110000
2022-12-04,Falling for Christmas,7,7,9080000
2022-12-04,Angel Falls Christmas,8,1,8820000
2022-12-04,Scrooge: A Christmas Carol,9,3,8170000
2022-12-04,Ghislaine Maxwell: Filthy Rich,10,2,7610000
2022-12-11,Lady Chatterley's Lover,1,3,29030000
2022-12-11,Guillermo del Toro’s Pinocchio,2,4,28080000
2022-12-11,Bullet Train,3,5,24620000
2022-12-11,Scrooge: A Christmas Carol,4,3,13050000
2022-12-11,The Swimmers,5,3,11720000
2022-12-11,The Noel Diary,6,4,11580000
2022-12-11,The Boss Baby: Christmas Bonus,7,1,10400000
2022-12-11,Slumberland,8,4,10380000
2022-12-11,A Christmas Miracle for Daisy,9,1,9780000
2022-12-11,Emily the Criminal,10,1,9590000
2022-12-18,Guillermo del Toro’s Pinocchio,1,4,39380000
2022-12-18,I Believe in Santa,2,2,19960000
2022-12-18,Prisoners,3,3,19000000
2022-12-18,Bullet Train,4,5,13530000
2022-12-18,Lady Chatterley's Lover,5,3,11090000
2022-12-18,The Volcano: Rescue from Whakaari,6,2,8940000
2022-12-18,How the Grinch Stole Christmas,7,7,7530000
2022-12-18,Falling for Christmas,8,7,6400000
2022-12-18,Scrooge: A Christmas Carol,9,3,5680000
2022-12-18,The Noel Diary,10,4,5560000
2022-12-25,Glass Onion: A Knives Out Mystery,1,7,82140000
2022-12-25,The Volcano: Rescue from Whakaari,2,2,25110000
2022-12-25,Guillermo del Toro’s Pinocchio,3,4,19680000
2022-12-25,How the Grinch Stole Christmas,4,7,12680000
2022-12-25,A Bad Moms Christmas,5,1,10890000
2022-12-25,I Believe in Santa,6,2,10090000
2022-12-25,The Christmas Chronicles,7,7,9840000
2022-12-25,Falling for Christmas,8,7,7910000
2022-12-25,Bullet Train,9,5,7250000
2022-12-25,The Christmas Chronicles: Part Two,10,4,7170000
2023-01-01,Glass Onion: A Knives Out Mystery,1,7,127250000
2023-01-01,Roald Dahl's Matilda The Musical,2,6,41060000
2023-01-01,Knives Out,3,2,16760000
2023-01-01,White Noise,4,2,14750000
2023-01-01,The Invitation,5,1,12200000
2023-01-01,Guillermo del Toro’s Pinocchio,6,4,10910000
2023-01-01,Trolls,7,7,9980000
2023-01-01,After Ever Happy,8,1,7220000
2023-01-01,How the Grinch Stole Christmas,9,7,7190000
2023-01-01,Bullet Train,10,5,6940000
2023-01-08,Glass Onion: A Knives Out Mystery,1,7,44320000
2023-01-08,The Pale Blue Eye,2,4,42960000
2023-01-08,Jumanji: The Next Level,3,3,17550000
2023-01-08,Roald Dahl's Matilda The Musical,4,6,17500000
2023-01-08,White Noise,5,2,14340000
2023-01-08,Honest Thief,6,1,10200000
2023-01-08,Sing,7,17,9560000
2023-01-08,Knives Out,8,2,7470000
2023-01-08,Hard Target 2,9,1,7460000
2023-01-08,Trolls,10,7,6500000
2023-01-15,The Pale Blue Eye,1,4,39860000
2023-01-15,The Hatchet Wielding Hitchhiker,2,2,21270000
2023-01-15,Glass Onion: A Knives Out Mystery,3,7,19480000
2023-01-15,Dog Gone,4,3,18880000
2023-01-15,Sing,5,17,10400000
2023-01-15,Roald Dahl's Matilda The Musical,6,6,8310000
2023-01-15,Jumanji: The Next Level,7,3,6360000
2023-01-15,Transformers: Dark of the Moon,8,1,5630000
2023-01-15,Colombiana,9,1,4860000
2023-01-15,Daddy Day Care,10,1,4850000
2023-01-22,Dog Gone,1,3,20910000
2023-01-22,The Pale Blue Eye,2,4,12690000
2023-01-22,Glass Onion: A Knives Out Mystery,3,7,12040000
2023-01-22,The Hatchet Wielding Hitchhiker,4,2,8230000
2023-01-22,Sing,5,17,7090000
2023-01-22,Roald Dahl's Matilda The Musical,6,6,6040000
2023-01-22,Puss in Boots,7,2,5860000
2023-01-22,A Quiet Place Part II,8,2,4760000
2023-01-22,Trolls,9,7,4080000
2023-01-22,Disconnect: The Wedding Planner,10,1,3790000
2023-01-29,You People,1,4,55650000
2023-01-29,Inheritance,2,4,11550000
2023-01-29,Glass Onion: A Knives Out Mystery,3,7,9670000
2023-01-29,Puss in Boots,4,2,6010000
2023-01-29,Devotion,5,1,5910000
2023-01-29,Dog Gone,6,3,5800000
2023-01-29,The Pale Blue Eye,7,4,5460000
2023-01-29,Sing,8,17,5320000
2023-01-29,Roald Dahl's Matilda The Musical,9,6,4600000
2023-01-29,Trolls,10,7,3790000
2023-02-05,You People,1,4,65610000
2023-02-05,"Pamela, a love story",2,2,24330000
2023-02-05,Minions: The Rise of Gru,3,11,19360000
2023-02-05,Sniper: Ghost Shooter,4,2,12490000
2023-02-05,True Spirit,5,3,11090000
2023-02-05,The Hurricane Heist,6,1,10120000
2023-02-05,Bloodshot,7,5,8720000
2023-02-05,Glass Onion: A Knives Out Mystery,8,7,6830000
2023-02-05,Flushed Away,9,1,5090000
2023-02-05,Inheritance,10,4,4790000
2023-02-12,Your Place or Mine,1,4,51230000
2023-02-12,True Spirit,2,3,20730000
2023-02-12,You People,3,4,20400000
2023-02-12,Bloodshot,4,5,14380000
2023-02-12,Minions: The Rise of Gru,5,11,11500000
2023-02-12,"Lyle, Lyle, Crocodile",6,1,9110000
2023-02-12,"Pamela, a love story",7,2,8710000
2023-02-12,Sniper: Ultimate Kill,8,2,6760000
2023-02-12,Enough,9,2,5400000
2023-02-12,Sniper: Ghost Shooter,10,2,5390000
2023-02-19,Your Place or Mine,1,4,53810000
2023-02-19,2 Guns,2,2,12460000
2023-02-19,The Woman King,3,3,12210000
2023-02-19,You People,4,4,8500000
2023-02-19,Minions: The Rise of Gru,5,11,7960000
2023-02-19,Mission: Impossible - Fallout,6,2,5940000
2023-02-19,47 Meters Down: Uncaged,7,1,5800000
2023-02-19,True Spirit,8,3,5740000
2023-02-19,Bloodshot,9,5,4620000
2023-02-19,Jurassic World,10,2,4330000
2023-02-26,We Have a Ghost,1,5,40470000
2023-02-26,The Strays,2,2,28780000
2023-02-26,Your Place or Mine,3,4,22290000
2023-02-26,Army of One,4,1,15600000
2023-02-26,The Woman King,5,3,10230000
2023-02-26,2 Guns,6,2,8550000
2023-02-26,Jurassic World,7,2,7430000
2023-02-26,Mission: Impossible - Fallout,8,2,6360000
2023-02-26,Minions: The Rise of Gru,9,11,6270000
2023-02-26,Bad Boys for Life,10,2,6070000
2023-03-05,We Have a Ghost,1,5,42620000
2023-03-05,The Strays,2,2,14570000
2023-03-05,The Condemned,3,1,10230000
2023-03-05,R.I.P.D.,4,1,8330000
2023-03-05,Bad Boys for Life,5,2,8330000
2023-03-05,Your Place or Mine,6,4,7500000
2023-03-05,This Is Where I Leave You,7,2,6580000
2023-03-05,The Hunger Games,8,3,6230000
2023-03-05,The Hangover: Part III,9,1,5800000
2023-03-05,Paw Patrol: The Movie,10,15,5620000
2023-03-12,Luther: The Fallen Sun,1,5,65920000
2023-03-12,Faraway,2,2,21810000
2023-03-12,We Have a Ghost,3,5,13390000
2023-03-12,The Hunger Games,4,3,8320000
2023-03-12,Turbo,5,4,7980000
2023-03-12,The Hunger Games: Catching Fire,6,2,7340000
2023-03-12,Paw Patrol: The Movie,7,15,6530000
2023-03-12,This Is Where I Leave You,8,2,6220000
2023-03-12,World War Z,9,2,5560000
2023-03-12,Burlesque,10,1,5540000
2023-03-19,Luther: The Fallen Sun,1,5,69540000
2023-03-19,Faraway,2,2,14830000
2023-03-19,The Magician's Elephant,3,3,13690000
2023-03-19,Money Shot: The Pornhub Story,4,2,13670000
2023-03-19,Dragged Across Concrete,5,3,9590000
2023-03-19,We Have a Ghost,6,5,5960000
2023-03-19,The Hunger Games: Catching Fire,7,2,5010000
2023-03-19,Turbo,8,4,5000000
2023-03-19,The Hunger Games,9,3,4900000
2023-03-19,Kick-Ass 2,10,1,4030000
2023-03-26,Luther: The Fallen Sun,1,5,24700000
2023-03-26,The Magician's Elephant,2,3,16730000
2023-03-26,I See You,3,2,10830000
2023-03-26,Dragged Across Concrete,4,3,9310000
2023-03-26,Money Shot: The Pornhub Story,5,2,5000000
2023-03-26,Murder Mystery,6,4,4490000
2023-03-26,Perfume: The Story of a Murderer,7,1,4450000
2023-03-26,Riddick,8,1,3980000
2023-03-26,Minions: The Rise of Gru,9,11,3810000
2023-03-26,We Have a Ghost,10,5,3540000
2023-04-02,Murder Mystery 2,1,5,64420000
2023-04-02,Murder Mystery,2,4,24690000
2023-04-02,Luther: The Fallen Sun,3,5,12700000
2023-04-02,I See You,4,2,8280000
2023-04-02,The Magician's Elephant,5,3,6330000
2023-04-02,Minions: The Rise of Gru,6,11,3540000
2023-04-02,Hotel Transylvania 2,7,6,3260000
2023-04-02,Dragged Across Concrete,8,3,3240000
2023-04-02,Trolls,9,7,3210000
2023-04-02,The Bourne Legacy,10,2,3200000
2023-04-09,Murder Mystery 2,1,5,59840000
2023-04-09,Chupa,2,4,25310000
2023-04-09,Murder Mystery,3,4,22250000
2023-04-09,Noah,4,5,13500000
2023-04-09,Home,5,10,10350000
2023-04-09,The Bourne Legacy,6,2,9110000
2023-04-09,Shark Tale,7,1,8050000
2023-04-09,Over the Hedge,8,1,7940000
2023-04-09,Luther: The Fallen Sun,9,5,7530000
2023-04-09,Matilda,10,3,7420000
2023-04-16,The Last Kingdom: Seven Kings Must Die,1,3,35500000
2023-04-16,Chupa,2,4,27290000
2023-04-16,Murder Mystery 2,3,5,16930000
2023-04-16,Trolls World Tour,4,1,9360000
2023-04-16,Noah,5,5,8380000
2023-04-16,The Last Stand,6,1,8180000
2023-04-16,Home,7,10,8070000
2023-04-16,Matilda,8,3,6910000
2023-04-16,Murder Mystery,9,4,6690000
2023-04-16,Dr. Seuss' The Lorax,10,3,5890000
2023-04-23,The Last Kingdom: Seven Kings Must Die,1,3,25700000
2023-04-23,Let Him Go,2,2,14110000
2023-04-23,A Tourist's Guide to Love,3,3,13400000
2023-04-23,Murder Mystery 2,4,5,8390000
2023-04-23,Chupa,5,4,8030000
2023-04-23,The Snowman,6,1,7170000
2023-04-23,Whitney Houston: I Wanna Dance with Somebody,7,2,6700000
2023-04-23,Mighty Morphin Power Rangers: Once & Always,8,1,6550000
2023-04-23,F9: The Fast Saga,9,4,6540000
2023-04-23,Dr. Seuss' The Lorax,10,3,4430000
2023-04-30,A Tourist's Guide to Love,1,3,20920000
2023-04-30,Whitney Houston: I Wanna Dance with Somebody,2,2,10200000
2023-04-30,The Last Kingdom: Seven Kings Must Die,3,3,8340000
2023-04-30,Let Him Go,4,2,7240000
2023-04-30,Murder Mystery 2,5,5,6150000
2023-04-30,Sing 2,6,13,4500000
2023-04-30,Chupa,7,4,4300000
2023-04-30,Dr. Seuss' The Lorax,8,3,3830000
2023-04-30,Time Trap,9,1,3700000
2023-04-30,Paw Patrol: The Movie,10,15,3300000
2023-05-07,A Man Called Otto,1,5,13480000
2023-05-07,Pitch Perfect,2,2,11440000
2023-05-07,The Deep End of the Ocean,3,2,10200000
2023-05-07,Wrong Place,4,2,9690000
2023-05-07,The Dilemma,5,1,6830000
2023-05-07,The Croods,6,11,6560000
2023-05-07,The Tournament,7,2,6520000
2023-05-07,A Tourist's Guide to Love,8,3,6200000
2023-05-07,A Quiet Place Part II,9,2,5750000
2023-05-07,The Father,10,1,5070000
2023-05-14,The Mother,1,6,83710000
2023-05-14,A Man Called Otto,2,5,19880000
2023-05-14,The Croods,3,11,8700000
2023-05-14,The Deep End of the Ocean,4,2,6420000
2023-05-14,Synchronic,5,2,5930000
2023-05-14,Kung Fu Panda 3,6,3,5750000
2023-05-14,Wrong Place,7,2,5580000
2023-05-14,The Tournament,8,2,4880000
2023-05-14,Pitch Perfect,9,2,4580000
2023-05-14,Heat,10,2,4520000
2023-05-21,The Mother,1,6,94420000
2023-05-21,Anna Nicole Smith: You Don't Know Me,2,2,15650000
2023-05-21,Ted,3,2,11210000
2023-05-21,A Man Called Otto,4,5,10640000
2023-05-21,Synchronic,5,2,6990000
2023-05-21,Missing,6,3,5220000
2023-05-21,Harry Potter and the Sorcerer's Stone,7,1,4790000
2023-05-21,The Croods,8,11,4280000
2023-05-21,UglyDolls,9,1,3820000
2023-05-21,The Healer,10,1,3330000
2023-05-28,The Mother,1,6,34690000
2023-05-28,2 Hearts,2,2,19280000
2023-05-28,Missing,3,3,15930000
2023-05-28,The Son,4,1,7940000
2023-05-28,The Great Wall,5,3,7690000
2023-05-28,Victim/Suspect,6,1,6600000
2023-05-28,Ted,7,2,5750000
2023-05-28,Anna Nicole Smith: You Don't Know Me,8,2,5550000
2023-05-28,The Boss Baby,9,22,5450000
2023-05-28,A Man Called Otto,10,5,5350000
2023-06-04,The Mother,1,6,16480000
2023-06-04,The Boss Baby,2,22,10580000
2023-06-04,Missing,3,3,8080000
2023-06-04,2 Hearts,4,2,7720000
2023-06-04,Shooter,5,5,7480000
2023-06-04,We're the Millers,6,2,6730000
2023-06-04,Dirty Grandpa,7,1,5570000
2023-06-04,To Leslie,8,1,5370000
2023-06-04,The Choice,9,2,4260000
2023-06-04,F9: The Fast Saga,10,4,4160000
2023-06-11,Prisoners,1,3,13890000
2023-06-11,Shooter,2,5,12770000
2023-06-11,Abduction,3,2,9570000
2023-06-11,The Mother,4,6,8360000
2023-06-11,The Boss Baby,5,22,8320000
2023-06-11,We're the Millers,6,2,7720000
2023-06-11,The Angry Birds Movie,7,2,5720000
2023-06-11,The Company Men,8,1,5390000
2023-06-11,Grown Ups 2,9,3,5230000
2023-06-11,The Choice,10,2,4950000
2023-06-18,Extraction 2,1,7,88400000
2023-06-18,Extraction,2,3,18800000
2023-06-18,Paw Patrol: The Movie,3,15,9400000
2023-06-18,The Boss Baby,4,22,5800000
2023-06-18,Assassin's Creed,5,1,5400000
2023-06-18,The Mother,6,6,5400000
2023-06-18,The Angry Birds Movie,7,2,4300000
2023-06-18,Abduction,8,2,4000000
2023-06-18,Shooter,9,5,4700000
2023-06-18,Prisoners,10,3,5100000
2023-06-25,Extraction 2,1,7,87300000
2023-06-25,Extraction,2,3,27200000
2023-06-25,Take Care of Maya,3,2,16000000
2023-06-25,The Perfect Find,4,2,11700000
2023-06-25,Paw Patrol: The Movie,5,15,9100000
2023-06-25,The Mule,6,2,9200000
2023-06-25,What Happens in Vegas,7,2,7600000
2023-06-25,The Boss Baby,8,22,4500000
2023-06-25,Get Out,9,2,4100000
2023-06-25,47 Ronin,10,1,4700000
2023-07-02,Extraction 2,1,7,36200000
2023-07-02,The Perfect Find,2,2,18400000
2023-07-02,Run Rabbit Run,3,2,14200000
2023-07-02,Extraction,4,3,11800000
2023-07-02,Take Care of Maya,5,2,7900000
2023-07-02,Paw Patrol: The Movie,6,15,6400000
2023-07-02,Sniper: Assassin's End,7,3,5400000
2023-07-02,Ghosts of the Abyss,8,1,4900000
2023-07-02,Nimona,9,4,5500000
2023-07-02,Roald Dahl's Matilda The Musical,10,6,4900000
2023-07-09,The Out-Laws,1,4,31700000
2023-07-09,Extraction 2,2,7,18400000
2023-07-09,Nimona,3,4,11500000
2023-07-09,Run Rabbit Run,4,2,9900000
2023-07-09,Unknown: The Lost Pyramid,5,1,7900000
2023-07-09,Sniper: Assassin's End,6,3,8500000
2023-07-09,Old Henry,7,1,8100000
2023-07-09,WHAM!,8,1,6800000
2023-07-09,Skyscraper,9,1,7500000
2023-07-09,Woody Woodpecker,10,4,6300000
2023-07-16,The Out-Laws,1,4,46300000
2023-07-16,65,2,1,10500000
2023-07-16,Puss in Boots: The Last Wish,3,6,9400000
2023-07-16,Extraction 2,4,7,10800000
2023-07-16,Nimona,5,4,8000000
2023-07-16,Sing,6,17,6500000
2023-07-16,The Tutor,7,1,5000000
2023-07-16,Paw Patrol: The Movie,8,15,4400000
2023-07-16,Mafia Mamma,9,1,4700000
2023-07-16,Unknown: Killer Robots,10,1,3200000
2023-07-23,The Out-Laws,1,4,19500000
2023-07-23,Unknown: Cave of Bones,2,1,10300000
2023-07-23,They Cloned Tyrone,3,3,13100000
2023-07-23,Puss in Boots: The Last Wish,4,6,10600000
2023-07-23,The Deepest Breath,5,2,8400000
2023-07-23,Ride Along,6,1,7100000
2023-07-23,Man on Fire,7,6,9400000
2023-07-23,Extraction 2,8,7,7800000
2023-07-23,Nimona,9,4,5900000
2023-07-23,Captain Underpants: The First Epic Movie,10,1,4600000
2023-07-30,Hidden Strike,1,4,37800000
2023-07-30,"Miraculous: Ladybug & Cat Noir, The Movie",2,4,20800000
2023-07-30,They Cloned Tyrone,3,3,23000000
2023-07-30,Happiness for Beginners,4,3,16500000
2023-07-30,Missing: The Lucie Blackman Case,5,2,10400000
2023-07-30,The Out-Laws,6,4,8900000
2023-07-30,Unknown: Cosmic Time Machine,7,1,5600000
2023-07-30,Puss in Boots: The Last Wish,8,6,7200000
2023-07-30,The Deepest Breath,9,2,6500000
2023-07-30,Extraction 2,10,7,6000000
2023-08-06,Hidden Strike,1,4,40500000
2023-08-06,Happiness for Beginners,2,3,23100000
2023-08-06,"Miraculous: Ladybug & Cat Noir, The Movie",3,4,21200000
2023-08-06,Poisoned: The Dirty Truth About Your Food,4,1,7200000
2023-08-06,Missing: The Lucie Blackman Case,5,2,6900000
2023-08-06,Fatale,6,3,8500000
2023-08-06,Shark Bait,7,2,5200000
2023-08-06,They Cloned Tyrone,8,3,7500000
2023-08-06,River Wild,9,2,5200000
2023-08-06,Untold: Jake Paul the Problem Child,10,1,3900000
2023-08-13,Heart of Stone,1,5,69600000
2023-08-13,Hidden Strike,2,4,13300000
2023-08-13,Untold: Johnny Football,3,2,9200000
2023-08-13,What Men Want,4,2,11600000
2023-08-13,"Miraculous: Ladybug & Cat Noir, The Movie",5,4,9800000
2023-08-13,Happiness for Beginners,6,3,8900000
2023-08-13,Despicable Me 2,7,19,7800000
2023-08-13,Shark Bait,8,2,6200000
2023-08-13,Fatale,9,3,7100000
2023-08-13,River Wild,10,2,5900000
2023-08-20,Heart of Stone,1,5,74000000
2023-08-20,The Monkey King,2,3,13100000
2023-08-20,The Pope's Exorcist,3,3,10400000
2023-08-20,Half Brothers,4,2,7300000
2023-08-20,Hidden Strike,5,4,6000000
2023-08-20,"Miraculous: Ladybug & Cat Noir, The Movie",6,4,5900000
2023-08-20,What Men Want,7,2,6700000
2023-08-20,Despicable Me 2,8,19,5500000
2023-08-20,Untold: Hall of Shame,9,1,3900000
2023-08-20,Untold: Johnny Football,10,2,3400000
2023-08-27,The Monkey King,1,3,23200000
2023-08-27,Heart of Stone,2,5,28500000
2023-08-27,You Are So Not Invited to My Bat Mitzvah,3,5,21300000
2023-08-27,Street Kings,4,2,10300000
2023-08-27,The Boss Baby,5,22,9000000
2023-08-27,Jurassic World: Fallen Kingdom,6,1,10100000
2023-08-27,The Pope's Exorcist,7,3,6500000
2023-08-27,Half Brothers,8,2,5900000
2023-08-27,Madagascar,9,1,4800000
2023-08-27,Dora and the Lost City of Gold,10,2,4900000
2023-09-03,You Are So Not Invited to My Bat Mitzvah,1,5,37900000
2023-09-03,The Monkey King,2,3,10600000
2023-09-03,Heart of Stone,3,5,13700000
2023-09-03,Choose Love,4,2,8300000
2023-09-03,The Boss Baby,5,22,8500000
2023-09-03,Big George Foreman: The Miraculous Story of the Once and Future Heavyweight Champion of the World,6,1,8600000
2023-09-03,The Pope's Exorcist,7,3,5400000
2023-09-03,Love Again,8,2,5100000
2023-09-03,On the Line,9,2,4800000
2023-09-03,Snitch,10,2,4100000
2023-09-10,You Are So Not Invited to My Bat Mitzvah,1,5,15300000
2023-09-10,Choose Love,2,2,9000000
2023-09-10,The Croods,3,11,6800000
2023-09-10,Dr. Seuss' The Grinch,4,12,5900000
2023-09-10,The Boss Baby,5,22,6400000
2023-09-10,Snitch,6,2,6900000
2023-09-10,Love Again,7,2,6600000
2023-09-10,Jack Reacher: Never Go Back,8,6,7400000
2023-09-10,Heart of Stone,9,5,7300000
2023-09-10,Jack Reacher,10,3,7500000
2023-09-17,Love at First Sight,1,3,21400000
2023-09-17,You Are So Not Invited to My Bat Mitzvah,2,5,7400000
2023-09-17,Woody Woodpecker,3,4,5300000
2023-09-17,Dr. Seuss' The Grinch,4,12,4900000
2023-09-17,Fifty Shades Freed,5,1,5900000
2023-09-17,The Croods,6,11,5200000
2023-09-17,All My Life,7,1,4600000
2023-09-17,Leatherface,8,1,4300000
2023-09-17,The Boss Baby,9,22,4600000
2023-09-17,Jack Reacher: Never Go Back,10,6,5200000
2023-09-24,Love at First Sight,1,3,23000000
2023-09-24,Spy Kids: Armageddon,2,3,11000000
2023-09-24,In Time,3,3,10400000
2023-09-24,The Black Book,4,3,11600000
2023-09-24,The Croods: A New Age,5,2,8700000
2023-09-24,The Wolf of Wall Street,6,1,9700000
2023-09-24,The Deep House,7,1,4000000
2023-09-24,Crawl,8,1,4200000
2023-09-24,Mother's Day,9,2,5100000
2023-09-24,You Are So Not Invited to My Bat Mitzvah,10,5,4300000
2023-10-01,Reptile,1,5,40200000
2023-10-01,Love is in the Air,2,2,17300000
2023-10-01,The Black Book,3,3,23100000
2023-10-01,Spy Kids: Armageddon,4,3,14700000
2023-10-01,The Croods: A New Age,5,2,14100000
2023-10-01,Love at First Sight,6,3,11400000
2023-10-01,Accused,7,1,4900000
2023-10-01,The Machine,8,1,5700000
2023-10-01,In Time,9,3,5400000
2023-10-01,Force of Nature,10,1,4500000
2023-10-08,Reptile,1,5,45100000
2023-10-08,Fair Play,2,3,24200000
2023-10-08,Love is in the Air,3,2,10700000
2023-10-08,Life of a King,4,1,10600000
2023-10-08,Infinite,5,4,8600000
2023-10-08,Mean Girls,6,3,7300000
2023-10-08,Spy Kids: Armageddon,7,3,7100000
2023-10-08,Last Vegas,8,1,7200000
2023-10-08,Identity Thief,9,1,7300000
2023-10-08,The Black Book,10,3,7700000
2023-10-15,Reptile,1,5,32300000
2023-10-15,Fair Play,2,3,26900000
2023-10-15,Gemini Man,3,7,10300000
2023-10-15,American Made,4,1,9300000
2023-10-15,Mean Girls,5,3,6300000
2023-10-15,Ma,6,3,5800000
2023-10-15,Casper,7,1,5400000
2023-10-15,Tyson's Run,8,1,5400000
2023-10-15,The Lost City,9,2,5800000
2023-10-15,Get Out,10,2,5300000
2023-10-22,Old Dads,1,3,23100000
2023-10-22,The Devil on Trial,2,1,11000000
2023-10-22,Gemini Man,3,7,14300000
2023-10-22,Reptile,4,5,15800000
2023-10-22,Long Shot,5,1,8800000
2023-10-22,Fair Play,6,3,7300000
2023-10-22,No Hard Feelings,7,2,6600000
2023-10-22,Tammy,8,1,6000000
2023-10-22,Spy Kids,9,1,5400000
2023-10-22,Scary Movie,10,2,5400000
2023-10-29,Old Dads,1,3,28200000
2023-10-29,Pain Hustlers,2,4,29300000
2023-10-29,No Hard Feelings,3,2,22700000
2023-10-29,Cold Pursuit,4,4,13200000
2023-10-29,Alvin and the Chipmunks: Chipwrecked,5,2,5700000
2023-10-29,Monster High: The Movie,6,2,5700000
2023-10-29,Reptile,7,5,7900000
2023-10-29,Minions,8,14,4500000
2023-10-29,Hotel Transylvania 2,9,6,4200000
2023-10-29,Alvin and the Chipmunks: The Squeakquel,10,1,3900000
2023-11-05,Locked In,1,3,28800000
2023-11-05,Pain Hustlers,2,4,31700000
2023-11-05,Cold Pursuit,3,4,17300000
2023-11-05,Spider-Man: Across the Spider-Verse,4,2,20100000
2023-11-05,Old Dads,5,3,8700000
2023-11-05,NYAD,6,2,9500000
2023-11-05,Sly,7,2,7500000
2023-11-05,Monster High: The Movie,8,2,6900000
2023-11-05,Minions,9,14,6600000
2023-11-05,Herself,10,1,6700000
2023-11-12,The Killer,1,4,55700000
2023-11-12,Locked In,2,3,21400000
2023-11-12,F9: The Fast Saga,3,4,24900000
2023-11-12,Sly,4,2,9500000
2023-11-12,NYAD,5,2,11700000
2023-11-12,Pain Hustlers,6,4,10600000
2023-11-12,Spider-Man: Across the Spider-Verse,7,2,10200000
2023-11-12,Deep Fear,8,2,6100000
2023-11-12,13 Hours: The Secret Soldiers of Benghazi,9,4,9900000
2023-11-12,Cold Pursuit,10,4,6700000
2023-11-19,The Killer,1,4,44500000
2023-11-19,Best. Christmas. Ever!,2,3,22300000
2023-11-19,Monster Hunter,3,1,10500000
2023-11-19,Locked In,4,3,8200000
2023-11-19,F9: The Fast Saga,5,4,10200000
2023-11-19,Lone Survivor,6,2,8000000
2023-11-19,Cold Pursuit,7,4,5900000
2023-11-19,Paw Patrol: The Movie,8,15,3800000
2023-11-19,Pain Hustlers,9,4,5500000
2023-11-19,See You on Venus,10,2,4000000
2023-11-26,Leo,1,10,61700000
2023-11-26,Best. Christmas. Ever!,2,3,18200000
2023-11-26,The Killer,3,4,17500000
2023-11-26,See You on Venus,4,2,11300000
2023-11-26,Jules,5,1,6700000
2023-11-26,Triple Frontier,6,1,7500000
2023-11-26,The Christmas Chronicles,7,7,5900000
2023-11-26,Dr. Seuss' The Grinch,8,12,4100000
2023-11-26,Lone Survivor,9,2,5500000
2023-11-26,Falling for Christmas,10,7,4300000
2023-12-03,Leo,1,10,42100000
2023-12-03,Family Switch,2,4,39200000
2023-12-03,Best. Christmas. Ever!,3,3,9600000
2023-12-03,Catering Christmas,4,2,6600000
2023-12-03,Sonic the Hedgehog 2,5,1,8200000
2023-12-03,The Silencing,6,1,5800000
2023-12-03,The Killer,7,4,7100000
2023-12-03,Dr. Seuss' The Grinch,8,12,4900000
2023-12-03,The Super Mario Bros. Movie,9,22,4800000
2023-12-03,The Christmas Chronicles,10,7,5300000
2023-12-10,Leave the World Behind,1,5,98700000
2023-12-10,Family Switch,2,4,32900000
2023-12-10,Leo,3,10,25400000
2023-12-10,The Super Mario Bros. Movie,4,22,20300000
2023-12-10,Catering Christmas,5,2,12500000
2023-12-10,Nobody,6,1,10600000
2023-12-10,Christmas as Usual,7,2,10000000
2023-12-10,The Fast and the Furious,8,1,11200000
2023-12-10,The Fate of the Furious,9,2,13700000
2023-12-10,B&B Merry,10,1,6300000
2023-12-17,Leave the World Behind,1,5,106200000
2023-12-17,Chicken Run: Dawn of the Nugget,2,4,20300000
2023-12-17,Leo,3,10,16800000
2023-12-17,Family Switch,4,4,16600000
2023-12-17,The Super Mario Bros. Movie,5,22,13700000
2023-12-17,Underwater,6,1,9200000
2023-12-17,Old,7,1,10000000
2023-12-17,Christmas as Usual,8,2,7100000
2023-12-17,Dr. Seuss' The Grinch,9,12,5700000
2023-12-17,Holiday in the Vineyards,10,2,6900000
2023-12-24,Rebel Moon — Part One: A Child of Fire,1,6,54100000
2023-12-24,Leave the World Behind,2,5,46700000
2023-12-24,Chicken Run: Dawn of the Nugget,3,4,25400000
2023-12-24,The Super Mario Bros. Movie,4,22,11400000
2023-12-24,Leo,5,10,12900000
2023-12-24,Family Switch,6,4,11300000
2023-12-24,Holiday in the Vineyards,7,2,10600000
2023-12-24,Dr. Seuss' The Grinch,8,12,7900000
2023-12-24,How the Grinch Stole Christmas,9,7,8900000
2023-12-24,The Marine,10,1,7600000
2023-12-31,Rebel Moon — Part One: A Child of Fire,1,6,77000000
2023-12-31,Leave the World Behind,2,5,34600000
2023-12-31,Pretty Woman,3,1,16600000
2023-12-31,Chicken Run: Dawn of the Nugget,4,4,14000000
2023-12-31,The Super Mario Bros. Movie,5,22,11300000
2023-12-31,Leo,6,10,12000000
2023-12-31,Top Gun: Maverick,7,2,13400000
2023-12-31,Sniper: Ultimate Kill,8,2,9400000
2023-12-31,The Boss Baby: Family Business,9,1,10500000
2023-12-31,Sniper: Assassin's End,10,3,9100000
2024-01-07,The Equalizer 3,1,4,26800000
2024-01-07,Rebel Moon — Part One: A Child of Fire,2,6,25100000
2024-01-07,Leave the World Behind,3,5,18700000
2024-01-07,Exodus: Gods and Kings,4,1,18600000
2024-01-07,Aquaman,5,1,16800000
2024-01-07,The Super Mario Bros. Movie,6,22,8700000
2024-01-07,Leo,7,10,9800000
2024-01-07,Those Who Wish Me Dead,8,1,8600000
2024-01-07,Bitconned,9,1,7700000
2024-01-07,Chicken Run: Dawn of the Nugget,10,4,8000000
2024-01-14,Lift,1,5,58500000
2024-01-14,Transporter 2,2,1,8500000
2024-01-14,The Equalizer 3,3,4,10400000
2024-01-14,The Proposal,4,1,8800000
2024-01-14,Tyler Perry's The Single Moms Club,5,1,8500000
2024-01-14,The Super Mario Bros. Movie,6,22,7000000
2024-01-14,Leo,7,10,7100000
2024-01-14,Rebel Moon — Part One: A Child of Fire,8,6,8900000
2024-01-14,The Croods,9,11,6200000
2024-01-14,A Day to Die,10,1,6000000
2024-01-21,Lift,1,5,65400000
2024-01-21,The Legend of Tarzan,2,2,14400000
2024-01-21,The Kitchen,3,2,10200000
2024-01-21,Stillwater,4,1,12700000
2024-01-21,The Equalizer 3,5,4,8300000
2024-01-21,The Forever Purge,6,1,7700000
2024-01-21,Queenpins,7,2,8100000
2024-01-21,The Super Mario Bros. Movie,8,22,6500000
2024-01-21,Wild,9,1,7300000
2024-01-21,Leo,10,10,5800000
2024-01-28,Lift,1,5,31000000
2024-01-28,Mindcage,2,1,14700000
2024-01-28,The Kitchen,3,2,14000000
2024-01-28,The Hill,4,2,13400000
2024-01-28,The Favourite,5,1,8700000
2024-01-28,The Legend of Tarzan,6,2,7600000
2024-01-28,The Super Mario Bros. Movie,7,22,5800000
2024-01-28,Dumb Money,8,1,6100000
2024-01-28,Queenpins,9,2,6300000
2024-01-28,Leo,10,10,5100000
2024-02-04,The Greatest Night in Pop,1,2,19200000
2024-02-04,Orion and the Dark,2,4,15500000
2024-02-04,Lift,3,5,14700000
2024-02-04,Deep Fear,4,2,10800000
2024-02-04,The Postcard Killings,5,1,8500000
2024-02-04,Minions,6,14,6100000
2024-02-04,The Vow,7,1,6600000
2024-02-04,The Super Mario Bros. Movie,8,22,5300000
2024-02-04,Fury,9,1,7300000
2024-02-04,The Hill,10,2,6800000
2024-02-11,Despicable Me 3,1,12,23900000
2024-02-11,Orion and the Dark,2,4,19700000
2024-02-11,"Lover, Stalker, Killer",3,3,15100000
2024-02-11,Minions,4,14,14500000
2024-02-11,Despicable Me 2,5,19,14800000
2024-02-11,Despicable Me,6,9,11600000
2024-02-11,American Assassin,7,4,11400000
2024-02-11,The Greatest Night in Pop,8,2,8300000
2024-02-11,The Devil Wears Prada,9,2,7800000
2024-02-11,Lift,10,5,6800000
2024-02-18,Players,1,2,28500000
2024-02-18,"Lover, Stalker, Killer",2,3,21900000
2024-02-18,Despicable Me 3,3,12,15900000
2024-02-18,Einstein and the Bomb,4,2,10900000
2024-02-18,Minions,5,14,10700000
2024-02-18,Orion and the Dark,6,4,10800000
2024-02-18,Despicable Me 2,7,19,10000000
2024-02-18,Despicable Me,8,9,7300000
2024-02-18,American Assassin,9,4,6500000
2024-02-18,The Devil Wears Prada,10,2,6200000
2024-02-25,Mea Culpa,1,3,32000000
2024-02-25,Players,2,2,13000000
2024-02-25,Einstein and the Bomb,3,2,9200000
2024-02-25,Despicable Me 3,4,12,10100000
2024-02-25,"Ruby Gillman, Teenage Kraken",5,2,9800000
2024-02-25,Minions,6,14,7800000
2024-02-25,"Lover, Stalker, Killer",7,3,6900000
2024-02-25,Thanksgiving,8,1,7500000
2024-02-25,Orion and the Dark,9,4,5800000
2024-02-25,Crossroads,10,1,5500000
2024-03-03,Code 8 Part II,1,3,33400000
2024-03-03,Mea Culpa,2,3,36900000
2024-03-03,Spaceman,3,3,16000000
2024-03-03,Code 8,4,2,12800000
2024-03-03,Despicable Me 3,5,12,7100000
2024-03-03,Minions,6,14,6300000
2024-03-03,"Ruby Gillman, Teenage Kraken",7,2,5900000
2024-03-03,Dune,8,1,9400000
2024-03-03,The Super Mario Bros. Movie,9,22,5000000
2024-03-03,Ballerina,10,1,4300000
2024-03-10,Damsel,1,6,64800000
2024-03-10,Code 8 Part II,2,3,19800000
2024-03-10,Spaceman,3,3,19600000
2024-03-10,Code 8,4,2,9400000
2024-03-10,Mea Culpa,5,3,10200000
2024-03-10,The Super Mario Bros. Movie,6,22,5000000
2024-03-10,Despicable Me 3,7,12,4800000
2024-03-10,Minions,8,14,4800000
2024-03-10,Dr. Seuss' The Grinch,9,12,4400000
2024-03-10,Noah,10,5,6200000
2024-03-17,Damsel,1,6,93200000
2024-03-17,Irish Wish,2,3,30600000
2024-03-17,Alone,3,1,5900000
2024-03-17,Code 8 Part II,4,3,6000000
2024-03-17,Noah,5,5,8100000
2024-03-17,The Back-Up Plan,6,1,6000000
2024-03-17,The Super Mario Bros. Movie,7,22,5000000
2024-03-17,Ford v. Ferrari,8,2,8300000
2024-03-17,Spaceman,9,3,5700000
2024-03-17,Turbo,10,4,4300000
2024-03-24,Irish Wish,1,3,40000000
2024-03-24,Damsel,2,6,35700000
2024-03-24,Shooter,3,5,11700000
2024-03-24,Ford v. Ferrari,4,2,11200000
2024-03-24,The Casagrandes Movie,5,2,5700000
2024-03-24,Hellboy,6,1,7500000
2024-03-24,Shirley,7,2,7100000
2024-03-24,The Super Mario Bros. Movie,8,22,5000000
2024-03-24,Top Gun: Maverick,9,2,6900000
2024-03-24,Black Adam,10,1,5700000
2024-03-31,Heart of the Hunter,1,3,19700000
2024-03-31,Irish Wish,2,3,16400000
2024-03-31,Damsel,3,6,18900000
2024-03-31,The Accountant,4,1,13200000
2024-03-31,The Casagrandes Movie,5,2,6100000
2024-03-31,Shirley,6,2,8200000
2024-03-31,On the Line,7,2,6600000
2024-03-31,Peter Rabbit 2,8,1,5800000
2024-03-31,The Equalizer 3,9,4,6600000
2024-03-31,Mending the Line,10,1,6900000
2024-04-07,Heart of the Hunter,1,3,19500000
2024-04-07,The Little Things,2,4,18600000
2024-04-07,The Maze Runner,3,4,12700000
2024-04-07,Glass,4,4,13400000
2024-04-07,The Beautiful Game,5,1,12400000
2024-04-07,Scoop,6,2,10000000
2024-04-07,Damsel,7,6,9000000
2024-04-07,Baby Driver,8,1,8500000
2024-04-07,Maze Runner: The Scorch Trials,9,1,9700000
2024-04-07,Letters to God,10,1,7100000
2024-04-14,What Jennifer Did,1,3,26100000
2024-04-14,Woody Woodpecker Goes to Camp,2,5,19600000
2024-04-14,Scoop,3,2,14600000
2024-04-14,Glass,4,4,11000000
2024-04-14,Megan Leavey,5,1,9700000
2024-04-14,The Bricklayer,6,2,8500000
2024-04-14,Hotel Transylvania 2,7,6,5200000
2024-04-14,The Little Things,8,4,7300000
2024-04-14,The Maze Runner,9,4,6000000
2024-04-14,Heart of the Hunter,10,3,5600000
2024-04-21,Rebel Moon — Part Two: The Scargiver,1,3,44200000
2024-04-21,Woody Woodpecker Goes to Camp,2,5,31300000
2024-04-21,What Jennifer Did,3,3,23700000
2024-04-21,Anna,4,1,11700000
2024-04-21,Rebel Moon — Part One: A Child of Fire,5,6,12500000
2024-04-21,Glass,6,4,8200000
2024-04-21,The Bricklayer,7,2,5800000
2024-04-21,Hotel Transylvania 2,8,6,4300000
2024-04-21,Damsel,9,6,4600000
2024-04-21,The Super Mario Bros. Movie,10,22,3800000
2024-04-28,Rebel Moon — Part Two: The Scargiver,1,3,38800000
2024-04-28,Anyone But You,2,3,18300000
2024-04-28,Woody Woodpecker Goes to Camp,3,5,15300000
2024-04-28,Rebel Moon — Part One: A Child of Fire,4,6,13700000
2024-04-28,What Jennifer Did,5,3,7500000
2024-04-28,Hack Your Health: The Secrets of Your Gut,6,2,5900000
2024-04-28,Smurfs: The Lost Village,7,2,5600000
2024-04-28,Lifemark,8,1,6100000
2024-04-28,Hotel Mumbai,9,1,5700000
2024-04-28,Glass,10,4,5800000
2024-05-05,Unfrosted,1,3,11300000
2024-05-05,Anyone But You,2,3,11600000
2024-05-05,Rebel Moon — Part Two: The Scargiver,3,3,12300000
2024-05-05,Woody Woodpecker Goes to Camp,4,5,9400000
2024-05-05,Hack Your Health: The Secrets of Your Gut,5,2,7200000
2024-05-05,Secrets of the Neanderthals,6,2,7100000
2024-05-05,The Judge,7,2,12500000
2024-05-05,Shrek,8,15,7100000
2024-05-05,Smurfs: The Lost Village,9,2,7000000
2024-05-05,Barbarian,10,2,7900000
2024-05-12,Mother of the Bride,1,5,40000000
2024-05-12,Unfrosted,2,3,14100000
2024-05-12,Shrek,3,15,12800000
2024-05-12,Barbarian,4,2,8000000
2024-05-12,Secrets of the Neanderthals,5,2,5700000
2024-05-12,The Judge,6,2,8700000
2024-05-12,The Frozen Ground,7,1,6000000
2024-05-12,Woody Woodpecker Goes to Camp,8,5,5400000
2024-05-12,The Great Wall,9,3,5500000
2024-05-12,Shrek Forever After,10,5,5000000
2024-05-19,Mother of the Bride,1,5,38100000
2024-05-19,Madame Web,2,4,20800000
2024-05-19,Disturbia,3,2,13500000
2024-05-19,Thelma the Unicorn,4,3,12000000
2024-05-19,Shrek,5,15,7700000
2024-05-19,Upgrade,6,1,4900000
2024-05-19,Sonic the Hedgehog,7,12,4600000
2024-05-19,The Boss Baby,8,22,4100000
2024-05-19,Unfrosted,9,3,4000000
2024-05-19,Smile,10,1,4700000
2024-05-26,Atlas,1,4,56300000
2024-05-26,Thelma the Unicorn,2,3,17400000
2024-05-26,Ice Age: Dawn of the Dinosaurs,3,3,15100000
2024-05-26,Mother of the Bride,4,5,14000000
2024-05-26,Disturbia,5,2,14100000
2024-05-26,Sing 2,6,13,13900000
2024-05-26,Ice Age: Collision Course,7,3,11700000
2024-05-26,A Simple Favor,8,1,12200000
2024-05-26,Madame Web,9,4,11900000
2024-05-26,Security,10,4,5100000
2024-06-02,Atlas,1,4,63100000
2024-06-02,Ice Age: Collision Course,2,3,14500000
2024-06-02,Ice Age: Dawn of the Dinosaurs,3,3,12900000
2024-06-02,Mother of the Bride,4,5,9300000
2024-06-02,Thelma the Unicorn,5,3,9100000
2024-06-02,Transformers: Rise of the Beasts,6,3,11100000
2024-06-02,Sing 2,7,13,8800000
2024-06-02,Security,8,4,6700000
2024-06-02,Cold Meat,9,1,5800000
2024-06-02,Madame Web,10,4,5900000
2024-06-09,Hit Man,1,3,20800000
2024-06-09,Atlas,2,4,17800000
2024-06-09,Ice Age: Collision Course,3,3,7700000
2024-06-09,Ice Age: Dawn of the Dinosaurs,4,3,6500000
2024-06-09,Home,5,10,5700000
2024-06-09,Mother of the Bride,6,5,5300000
2024-06-09,Sing 2,7,13,6200000
2024-06-09,Real Steel,8,1,6900000
2024-06-09,The Lego Movie,9,1,5400000
2024-06-09,How to Rob a Bank,10,2,4600000
2024-06-16,Hit Man,1,3,26500000
2024-06-16,Four Brothers,2,2,13500000
2024-06-16,Mission: Impossible - Dead Reckoning,3,4,15300000
2024-06-16,Mysteries of the Terracotta Warriors,4,1,6800000
2024-06-16,Wonder,5,1,9500000
2024-06-16,Home,6,10,7200000
2024-06-16,Safe House,7,3,8700000
2024-06-16,Ultraman: Rising,8,3,8900000
2024-06-16,How to Rob a Bank,9,2,6100000
2024-06-16,Atlas,10,4,7900000
2024-06-23,Trigger Warning,1,4,45900000
2024-06-23,Ultraman: Rising,2,3,16000000
2024-06-23,Dracula Untold,3,2,10300000
2024-06-23,Inheritance,4,4,9500000
2024-06-23,Mission: Impossible - Dead Reckoning,5,4,13200000
2024-06-23,Hit Man,6,3,8600000
2024-06-23,Tell Them You Love Me,7,1,6400000
2024-06-23,Transformers: Rise of the Beasts,8,3,7300000
2024-06-23,Home,9,10,5400000
2024-06-23,Madame Web,10,4,6200000
2024-06-30,A Family Affair,1,5,50900000
2024-06-30,Trigger Warning,2,4,46900000
2024-06-30,Kiss the Girls,3,1,13700000
2024-06-30,Marry Me,4,1,8100000
2024-06-30,Ultraman: Rising,5,3,7400000
2024-06-30,John Wick,6,1,5900000
2024-06-30,Dracula Untold,7,2,5100000
2024-06-30,The Flash,8,1,7800000
2024-06-30,The Boss Baby,9,22,4200000
2024-06-30,The Super Mario Bros. Movie,10,22,3800000
2024-07-07,Beverly Hills Cop: Axel F,1,4,80700000
2024-07-07,A Family Affair,2,5,60600000
2024-07-07,Trigger Warning,3,4,14200000
2024-07-07,Paw Patrol: The Movie,4,15,7500000
2024-07-07,Warcraft,5,3,8500000
2024-07-07,The Super Mario Bros. Movie,6,22,5600000
2024-07-07,"Miraculous World: Shanghai, The Legend of LadyDragon",7,1,3200000
2024-07-07,The Equalizer,8,2,7600000
2024-07-07,The Hard Way,9,1,5300000
2024-07-07,Minions,10,14,5000000
2024-07-14,Beverly Hills Cop: Axel F,1,4,43700000
2024-07-14,A Family Affair,2,5,22000000
2024-07-14,Paw Patrol: The Movie,3,15,6700000
2024-07-14,The Equalizer,4,2,9300000
2024-07-14,The Super Mario Bros. Movie,5,22,6300000
2024-07-14,The Long Game,6,2,7400000
2024-07-14,Minions,7,14,5300000
2024-07-14,Trigger Warning,8,4,5900000
2024-07-14,The Boss Baby,9,22,5000000
2024-07-14,Matilda,10,3,4700000
2024-07-21,Find Me Falling,1,3,22500000
2024-07-21,Trolls Band Together,2,5,15800000
2024-07-21,Land of Bad,3,4,16600000
2024-07-21,Beverly Hills Cop: Axel F,4,4,16400000
2024-07-21,A Family Affair,5,5,10500000
2024-07-21,Titanic,6,4,17400000
2024-07-21,The Long Game,7,2,9500000
2024-07-21,Hillbilly Elegy,8,2,9400000
2024-07-21,Paw Patrol: The Movie,9,15,4600000
2024-07-21,The Super Mario Bros. Movie,10,22,4800000
2024-07-28,Find Me Falling,1,3,25200000
2024-07-28,Ghostbusters: Frozen Empire,2,2,19600000
2024-07-28,Trolls Band Together,3,5,12400000
2024-07-28,Land of Bad,4,4,13100000
2024-07-28,Beverly Hills Cop: Axel F,5,4,8800000
2024-07-28,Titanic,6,4,11500000
2024-07-28,A Family Affair,7,5,6200000
2024-07-28,Don't Breathe 2,8,2,5200000
2024-07-28,Hillbilly Elegy,9,2,5900000
2024-07-28,Anyone But You,10,3,5200000
2024-08-04,Saving Bikini Bottom: The Sandy Cheeks Movie,1,3,18500000
2024-08-04,PAW Patrol: The Mighty Movie,2,4,10300000
2024-08-04,Don't Breathe 2,3,2,9700000
2024-08-04,Trolls Band Together,4,5,9000000
2024-08-04,Find Me Falling,5,3,8700000
2024-08-04,Jack Reacher: Never Go Back,6,6,10600000
2024-08-04,Failure to Launch,7,1,7800000
2024-08-04,The Bad Guys,8,4,7000000
2024-08-04,Ghostbusters: Frozen Empire,9,2,7200000
2024-08-04,The Marksman,10,4,6400000
2024-08-11,Saving Bikini Bottom: The Sandy Cheeks Movie,1,3,19500000
2024-08-11,Ferdinand,2,2,13300000
2024-08-11,Kingsman: The Secret Service,3,3,15000000
2024-08-11,Jack Reacher: Never Go Back,4,6,12700000
2024-08-11,Law Abiding Citizen,5,1,10500000
2024-08-11,Kingsman: The Golden Circle,6,3,11400000
2024-08-11,The Bad Guys,7,4,7700000
2024-08-11,Jack Reacher,8,3,9700000
2024-08-11,Trolls Band Together,9,5,6400000
2024-08-11,PAW Patrol: The Mighty Movie,10,4,6100000
2024-08-18,The Union,1,6,60100000
2024-08-18,Kingsman: The Secret Service,2,3,33000000
2024-08-18,Kingsman: The Golden Circle,3,3,22800000
2024-08-18,The Emoji Movie,4,3,11200000
2024-08-18,Saving Bikini Bottom: The Sandy Cheeks Movie,5,3,9000000
2024-08-18,Inside the Mind of a Dog,6,1,6200000
2024-08-18,Night School,7,2,9000000
2024-08-18,Ferdinand,8,2,8800000
2024-08-18,Ambulance,9,1,9300000
2024-08-18,Trolls Band Together,10,5,4900000
2024-08-25,The Union,1,6,73800000
2024-08-25,Incoming,2,3,15000000
2024-08-25,Untold: The Murder of Air McNair,3,2,8200000
2024-08-25,Migration,4,3,11500000
2024-08-25,Kingsman: The Secret Service,5,3,10900000
2024-08-25,Tòkunbọ̀,6,2,9300000
2024-08-25,The Emoji Movie,7,3,7000000
2024-08-25,Lucy,8,2,6500000
2024-08-25,Night School,9,2,7200000
2024-08-25,Kingsman: The Golden Circle,10,3,9100000
2024-09-01,Incoming,1,3,25600000
2024-09-01,The Union,2,6,30600000
2024-09-01,The Deliverance,3,4,27300000
2024-09-01,Tòkunbọ̀,4,2,9900000
2024-09-01,Migration,5,3,7200000
2024-09-01,Untold: The Murder of Air McNair,6,2,3900000
2024-09-01,Untold: Sign Stealer,7,1,5200000
2024-09-01,The Emoji Movie,8,3,4200000
2024-09-01,How to Lose a Guy in 10 Days,9,2,5200000
2024-09-01,The Super Mario Bros. Movie,10,22,3600000
2024-09-08,Rebel Ridge,1,6,68600000
2024-09-08,The Deliverance,2,4,41100000
2024-09-08,The Union,3,6,15100000
2024-09-08,Dead Sea,4,1,9900000
2024-09-08,Incoming,5,3,9100000
2024-09-08,Sonic the Hedgehog,6,12,9700000
2024-09-08,Gemini Man,7,7,9000000
2024-09-08,Aloha,8,2,7600000
2024-09-08,Migration,9,3,4000000
2024-09-08,How to Lose a Guy in 10 Days,10,2,5400000
2024-09-15,Rebel Ridge,1,6,84900000
2024-09-15,Uglies,2,4,35400000
2024-09-15,Into the Fire: The Lost Daughter: Season 1,3,2,20500000
2024-09-15,The Deliverance,4,4,13100000
2024-09-15,Fast & Furious Presents: Hobbs & Shaw,5,4,13100000
2024-09-15,The Day After Tomorrow,6,1,11600000
2024-09-15,Edge of Tomorrow,7,1,7700000
2024-09-15,The Union,8,6,7000000
2024-09-15,The Shack,9,2,7800000
2024-09-15,Gemini Man,10,7,6800000
2024-09-22,Uglies,1,4,45600000
2024-09-22,Rebel Ridge,2,6,36700000
2024-09-22,Gifted,3,2,16900000
2024-09-22,Into the Fire: The Lost Daughter: Season 1,4,2,18800000
2024-09-22,His Three Daughters,5,1,7200000
2024-09-22,Fast & Furious Presents: Hobbs & Shaw,6,4,9000000
2024-09-22,The Garfield Movie,7,3,6000000
2024-09-22,The Deliverance,8,4,5900000
2024-09-22,The Union,9,6,4800000
2024-09-22,Aloha,10,2,4600000
2024-09-29,Rebel Ridge,1,6,19500000
2024-09-29,Uglies,2,4,14800000
2024-09-29,Jailbreak: Love on the Run,3,2,11200000
2024-09-29,The Garfield Movie,4,3,11700000
2024-09-29,Gifted,5,2,6500000
2024-09-29,American Assassin,6,4,6700000
2024-09-29,Hitman: Agent 47,7,1,5600000
2024-09-29,Sing,8,17,5800000
2024-09-29,Hitman,9,1,4900000
2024-09-29,Trolls,10,7,4400000
2024-10-06,Miss Peregrine's Home for Peculiar Children,1,1,15100000
2024-10-06,Jailbreak: Love on the Run,2,2,9600000
2024-10-06,Sing,3,17,10000000
2024-10-06,Rebel Ridge,4,6,12000000
2024-10-06,The Garfield Movie,5,3,8300000
2024-10-06,Rez Ball,6,1,7400000
2024-10-06,Uglies,7,4,5700000
2024-10-06,IT'S WHAT'S INSIDE,8,2,5800000
2024-10-06,Dungeons & Dragons: Honor Among Thieves,9,3,7200000
2024-10-06,Sing 2,10,13,5600000
2024-10-13,The Menendez Brothers,1,3,44700000
2024-10-13,The Predator,2,2,23300000
2024-10-13,Lonely Planet,3,4,17600000
2024-10-13,Bad Boys: Ride or Die,4,2,20200000
2024-10-13,IT'S WHAT'S INSIDE,5,2,12000000
2024-10-13,Sing,6,17,11100000
2024-10-13,Venom: Let There Be Carnage,7,4,7800000
2024-10-13,Monster High 2,8,1,6500000
2024-10-13,Dungeons & Dragons: Honor Among Thieves,9,3,8500000
2024-10-13,Rebel Ridge,10,6,7700000
2024-10-20,Lonely Planet,1,4,21900000
2024-10-20,Woman of the Hour,2,3,15800000
2024-10-20,Sweet Bobby: My Catfish Nightmare,3,2,9600000
2024-10-20,The Menendez Brothers,4,3,13500000
2024-10-20,Sing,5,17,10600000
2024-10-20,Bad Boys: Ride or Die,6,2,10600000
2024-10-20,The Predator,7,2,9600000
2024-10-20,Unhinged,8,1,7900000
2024-10-20,Jurassic World: Dominion,9,1,11200000
2024-10-20,Venom: Let There Be Carnage,10,4,6700000
2024-10-27,Don't Move,1,4,31000000
2024-10-27,Woman of the Hour,2,3,21100000
2024-10-27,Sweet Bobby: My Catfish Nightmare,3,2,9800000
2024-10-27,Sing,4,17,10700000
2024-10-27,Kung Fu Panda 4,5,1,9100000
2024-10-27,Lonely Planet,6,4,8900000
2024-10-27,Happiness Is,7,1,5900000
2024-10-27,The Menendez Brothers,8,3,6400000
2024-10-27,Hijack '93,9,2,4600000
2024-10-27,Venom: Let There Be Carnage,10,4,4200000
2024-11-03,Don't Move,1,4,42900000
2024-11-03,Time Cut,2,3,35100000
2024-11-03,Hijack '93,3,2,10600000
2024-11-03,Martha,4,2,11800000
2024-11-03,Woman of the Hour,5,3,9100000
2024-11-03,Sing,6,17,9800000
2024-11-03,The Secret Life of Pets,7,10,7300000
2024-11-03,Baywatch,8,1,7900000
2024-11-03,Lonely Planet,9,4,5000000
2024-11-03,Venom: Let There Be Carnage,10,4,4900000
2024-11-10,Meet Me Next Christmas,1,3,32000000
2024-11-10,Time Cut,2,3,22800000
2024-11-10,Don't Move,3,4,14000000
2024-11-10,Martha,4,2,12000000
2024-11-10,Sing,5,17,7600000
2024-11-10,Alita: Battle Angel,6,2,8000000
2024-11-10,The Secret Life of Pets,7,10,5600000
2024-11-10,Just Go With It,8,4,7100000
2024-11-10,The Angry Birds Movie 2,9,2,5400000
2024-11-10,Harold and the Purple Crayon,10,1,5000000
2024-11-17,Hot Frosty,1,3,24600000
2024-11-17,Meet Me Next Christmas,2,3,20800000
2024-11-17,Minions: The Rise of Gru,3,11,10200000
2024-11-17,Alita: Battle Angel,4,2,12700000
2024-11-17,Focus,5,1,9500000
2024-11-17,Ready or Not,6,2,8600000
2024-11-17,Time Cut,7,3,7500000
2024-11-17,Don't Move,8,4,5400000
2024-11-17,The Lost City,9,2,6400000
2024-11-17,Return of the King: The Fall and Rise of Elvis Presley,10,1,5000000
2024-11-24,The Merry Gentlemen,1,2,21600000
2024-11-24,Hot Frosty,2,3,19500000
2024-11-24,Spellbound,3,3,15500000
2024-11-24,Minions: The Rise of Gru,4,11,11400000
2024-11-24,Ready or Not,5,2,12200000
2024-11-24,Buy Now: The Shopping Conspiracy,6,2,10100000
2024-11-24,Meet Me Next Christmas,7,3,10400000
2024-11-24,Madagascar: Escape 2 Africa,8,2,5800000
2024-11-24,The Hunt,9,2,5500000
2024-11-24,Rob Peace,10,1,6500000
2024-12-01,Our Little Secret,1,5,54600000
2024-12-01,Spellbound,2,3,28000000
2024-12-01,The Merry Gentlemen,3,2,14400000
2024-12-01,Madagascar: Escape 2 Africa,4,2,9200000
2024-12-01,Daddy's Home 2,5,1,9000000
2024-12-01,The Hunt,6,2,7800000
2024-12-01,Hot Frosty,7,3,7600000
2024-12-01,13 Hours: The Secret Soldiers of Benghazi,8,4,11800000
2024-12-01,Minions: The Rise of Gru,9,11,6100000
2024-12-01,Buy Now: The Shopping Conspiracy,10,2,5700000
2024-12-08,Our Little Secret,1,5,39500000
2024-12-08,That Christmas,2,5,29200000
2024-12-08,Dr. Seuss' The Grinch,3,12,18500000
2024-12-08,Mary Mother of Jesus,4,2,21200000
2024-12-08,Twas the Text Before Christmas,5,1,11800000
2024-12-08,Subservience,6,2,12500000
2024-12-08,Spellbound,7,3,9800000
2024-12-08,A Royal Date for Christmas,8,1,7800000
2024-12-08,How the Grinch Stole Christmas,9,7,8800000
2024-12-08,Hotel Transylvania 3: Summer Vacation,10,11,7900000
2024-12-15,Carry-On,1,8,84000000
2024-12-15,That Christmas,2,5,27400000
2024-12-15,Mary Mother of Jesus,3,2,24700000
2024-12-15,Dr. Seuss' The Grinch,4,12,18900000
2024-12-15,It Ends With Us,5,1,23900000
2024-12-15,Our Little Secret,6,5,17500000
2024-12-15,Subservience,7,2,15300000
2024-12-15,Disaster Holiday,8,2,9300000
2024-12-15,How the Grinch Stole Christmas,9,7,9300000
2024-12-15,Hotel Transylvania 3: Summer Vacation,10,11,7100000
2024-12-22,Carry-On,1,8,110200000
2024-12-22,The Six Triple Eight,2,4,30900000
2024-12-22,Dr. Seuss' The Grinch,3,12,16300000
2024-12-22,That Christmas,4,5,17800000
2024-12-22,Disaster Holiday,5,2,11600000
2024-12-22,Our Little Secret,6,5,11700000
2024-12-22,The Protege,7,1,11400000
2024-12-22,Terminator: Dark Fate,8,1,12500000
2024-12-22,Cold Blood Legacy,9,1,7300000
2024-12-22,The Dead Don't Die,10,2,8600000
2024-12-29,Carry-On,1,8,69800000
2024-12-29,The Six Triple Eight,2,4,50400000
2024-12-29,That Christmas,3,5,19000000
2024-12-29,Dr. Seuss' The Grinch,4,12,17000000
2024-12-29,Blacklight,5,1,13300000
2024-12-29,Godzilla x Kong: The New Empire,6,3,14100000
2024-12-29,Our Little Secret,7,5,11700000
2024-12-29,How the Grinch Stole Christmas,8,7,10900000
2024-12-29,Beast (English),9,1,9200000
2024-12-29,The Mountain Between Us,10,1,10600000
2025-01-05,Carry-On,1,8,34700000
2025-01-05,The Six Triple Eight,2,4,23500000
2025-01-05,The Secret Life of Pets 2,3,11,8200000
2025-01-05,Dr. Seuss' The Grinch,4,12,7700000
2025-01-05,Avicii - I'm Tim,5,1,8400000
2025-01-05,Non-Stop,6,1,7500000
2025-01-05,Horizon: An American Saga: Chapter 1,7,1,12000000
2025-01-05,That Christmas,8,5,6100000
2025-01-05,Furiosa: A Mad Max Saga,9,1,9300000
2025-01-05,In the Heart of the Sea,10,1,7600000
2025-01-12,The Secret Life of Pets 2,1,11,21500000
2025-01-12,Carry-On,2,8,14300000
2025-01-12,Ma,3,3,11500000
2025-01-12,The Secret Life of Pets,4,10,9000000
2025-01-12,Despicable Me 2,5,19,8000000
2025-01-12,Wallace & Gromit: Vengeance Most Fowl,6,1,6300000
2025-01-12,Despicable Me,7,9,6900000
2025-01-12,Eye for an Eye,8,2,7400000
2025-01-12,The Six Triple Eight,9,4,8700000
2025-01-12,Sonic the Hedgehog,10,12,6100000
2025-01-19,Back in Action,1,7,88900000
2025-01-19,The Secret Life of Pets 2,2,11,12700000
2025-01-19,The Secret Life of Pets,3,10,7600000
2025-01-19,Knight and Day,4,3,9500000
2025-01-19,Carry-On,5,8,7100000
2025-01-19,Despicable Me 2,6,19,5500000
2025-01-19,Ma,7,3,5300000
2025-01-19,Sonic the Hedgehog,8,12,4500000
2025-01-19,Despicable Me,9,9,4200000
2025-01-19,Eye for an Eye,10,2,4000000
2025-01-26,Back in Action,1,7,88900000
2025-01-26,The Secret Life of Pets 2,2,11,9600000
2025-01-26,The Secret Life of Pets,3,10,6200000
2025-01-26,Father Stu,4,3,7400000
2025-01-26,You Gotta Believe,5,1,5700000
2025-01-26,To All the Boys I’ve Loved Before,6,1,5200000
2025-01-26,Minions: The Rise of Gru,7,11,4200000
2025-01-26,Despicable Me 2,8,19,4600000
2025-01-26,Carry-On,9,8,5300000
2025-01-26,Knight and Day,10,3,4700000
2025-02-02,Back in Action,1,7,35000000
2025-02-02,The Sentinel,2,2,14200000
2025-02-02,Under the Boardwalk,3,1,8400000
2025-02-02,The Secret Life of Pets 2,4,11,6700000
2025-02-02,The Lovely Bones,5,1,7400000
2025-02-02,The Secret Life of Pets,6,10,4600000
2025-02-02,The Menu,7,2,4200000
2025-02-02,Scream VI,8,1,4500000
2025-02-02,Minions: The Rise of Gru,9,11,3200000
2025-02-02,Carry-On,10,8,4100000
2025-02-09,Kinda Pregnant,1,3,41900000
2025-02-09,Back in Action,2,7,17400000
2025-02-09,Shrek,3,15,11000000
2025-02-09,Shrek 2,4,7,8600000
2025-02-09,The Menu,5,2,7800000
2025-02-09,Spider-Man: No Way Home,6,2,10400000
2025-02-09,Spider-Man: No Way Home (Extended Version),7,1,7800000
2025-02-09,The Secret Life of Pets 2,8,11,4200000
2025-02-09,Shrek the Third,9,3,4400000
2025-02-09,The Sentinel,10,2,4700000
2025-02-16,La Dolce Villa,1,3,32700000
2025-02-16,Kinda Pregnant,2,3,22800000
2025-02-16,Aftermath,3,1,15600000
2025-02-16,Shrek,4,15,10500000
2025-02-16,Shrek 2,5,7,9400000
2025-02-16,Back in Action,6,7,10800000
2025-02-16,The Witcher: Sirens of the Deep,7,1,7300000
2025-02-16,Norbit,8,1,6700000
2025-02-16,Mission: Impossible - Dead Reckoning,9,4,10600000
2025-02-16,Shrek the Third,10,3,5700000
2025-02-23,La Dolce Villa,1,3,23300000
2025-02-23,Uncharted,2,5,20300000
2025-02-23,Despicable Me 3,3,12,11900000
2025-02-23,To Catch a Killer,4,2,13300000
2025-02-23,Minions,5,14,9300000
2025-02-23,Despicable Me 2,6,19,9600000
2025-02-23,Trial by Fire,7,1,9700000
2025-02-23,Kinda Pregnant,8,3,7100000
2025-02-23,Back in Action,9,7,7700000
2025-02-23,Despicable Me,10,9,6300000
2025-03-02,Venom: The Last Dance,1,2,23300000
2025-03-02,Despicable Me 4,2,9,13800000
2025-03-02,Despicable Me 3,3,12,10300000
2025-03-02,Minions,4,14,9000000
2025-03-02,Uncharted,5,5,10100000
2025-03-02,The Super Mario Bros. Movie,6,22,7100000
2025-03-02,La Dolce Villa,7,3,7400000
2025-03-02,Despicable Me 2,8,19,7300000
2025-03-02,To Catch a Killer,9,2,8000000
2025-03-02,Dungeons & Dragons: Honor Among Thieves,10,3,8400000
2025-03-09,Plankton: The Movie,1,4,21000000
2025-03-09,Despicable Me 4,2,9,15900000
2025-03-09,Chaos: The Manson Murders,3,2,8100000
2025-03-09,Venom: The Last Dance,4,2,9000000
2025-03-09,Sicario,5,1,9200000
2025-03-09,Runaway Jury,6,1,9700000
2025-03-09,Midnight in the Switchgrass,7,1,7500000
2025-03-09,Despicable Me 3,8,12,6400000
2025-03-09,Minions,9,14,6200000
2025-03-09,The Boss Baby,10,22,6600000
2025-03-16,The Electric State,1,4,53800000
2025-03-16,Plankton: The Movie,2,4,19600000
2025-03-16,Kraven the Hunter,3,4,15000000
2025-03-16,Trap,4,2,11800000
2025-03-16,Despicable Me 4,5,9,9500000
2025-03-16,IF,6,1,9800000
2025-03-16,Bee Movie,7,3,6600000
2025-03-16,Chaos: The Manson Murders,8,2,5400000
2025-03-16,The Boss Baby,9,22,5400000
2025-03-16,The Croods,10,11,5400000
2025-03-23,The Electric State,1,4,48000000
2025-03-23,The Twister: Caught in the Storm,2,2,25200000
2025-03-23,Den of Thieves 2: Pantera,3,2,20100000
2025-03-23,Kraven the Hunter,4,4,12800000
2025-03-23,A Quiet Place: Day One,5,2,9500000
2025-03-23,Plankton: The Movie,6,4,8000000
2025-03-23,Despicable Me 4,7,9,7700000
2025-03-23,Morbius,8,3,8500000
2025-03-23,Infinite Storm,9,1,7900000
2025-03-23,Trap,10,2,7800000
2025-03-30,The Life List,1,6,50800000
2025-03-30,The Electric State,2,4,16300000
2025-03-30,Con Mum,3,2,9400000
2025-03-30,Den of Thieves 2: Pantera,4,2,14300000
2025-03-30,The Twister: Caught in the Storm,5,2,8100000
2025-03-30,Kraven the Hunter,6,4,11500000
2025-03-30,A Quiet Place: Day One,7,2,7700000
2025-03-30,Despicable Me 4,8,9,6400000
2025-03-30,PAW Patrol: The Mighty Movie,9,4,5700000
2025-03-30,Plankton: The Movie,10,4,4800000
2025-04-06,The Life List,1,6,60800000
2025-04-06,One of Them Days,2,2,12400000
2025-04-06,Alpha,3,2,8900000
2025-04-06,Geostorm,4,1,8900000
2025-04-06,Sniper: Rogue Mission,5,1,7700000
2025-04-06,The Core,6,1,10100000
2025-04-06,Kraven the Hunter,7,4,8800000
2025-04-06,Con Mum,8,2,5900000
2025-04-06,The Electric State,9,4,8200000
2025-04-06,Robinson Crusoe,10,1,5100000
2025-04-13,The Life List,1,6,27200000
2025-04-13,Alpha,2,2,9200000
2025-04-13,Rise of the Guardians,3,2,9000000
2025-04-13,Meet the Khumalos,4,2,7500000
2025-04-13,The Croods,5,11,6700000
2025-04-13,Bloodshot,6,5,5600000
2025-04-13,One of Them Days,7,2,4900000
2025-04-13,Despicable Me 4,8,9,4100000
2025-04-13,Lucy,9,2,3800000
2025-04-13,PAW Patrol: The Mighty Movie,10,4,3700000
2025-04-20,The Life List,1,6,15600000
2025-04-20,Meet the Khumalos,2,2,8800000
2025-04-20,Life or Something Like It,3,2,9600000
2025-04-20,Oklahoma City Bombing: American Terror,4,2,6300000
2025-04-20,Rise of the Guardians,5,2,5100000
2025-04-20,The Croods,6,11,4900000
2025-04-20,Despicable Me 4,7,9,4500000
2025-04-20,Minions,8,14,4000000
2025-04-20,The Boss Baby,9,22,4300000
2025-04-20,Despicable Me 3,10,12,3800000
2025-04-27,Havoc,1,6,53100000
2025-04-27,Life or Something Like It,2,2,9600000
2025-04-27,The Life List,3,6,11500000
2025-04-27,Woody Woodpecker,4,4,8300000
2025-04-27,Oklahoma City Bombing: American Terror,5,2,6300000
2025-04-27,American Sniper,6,1,9700000
2025-04-27,The Two Popes,7,2,6800000
2025-04-27,Despicable Me 4,8,9,4500000
2025-04-27,A Dog's Way Home,9,2,4500000
2025-04-27,Back in Action,10,7,5000000
2025-05-04,Havoc,1,6,47300000
2025-05-04,Where the Crawdads Sing,2,5,12200000
2025-05-04,Woody Woodpecker,3,4,5200000
2025-05-04,The Equalizer 2,4,2,6900000
2025-05-04,Fast X,5,1,7200000
2025-05-04,The Life List,6,6,6300000
2025-05-04,The Heartbreak Kid,7,1,5300000
2025-05-04,Despicable Me 4,8,9,4100000
2025-05-04,The Boss Baby,9,22,3800000
2025-05-04,The Two Popes,10,2,4800000
2025-05-11,Nonnas,1,5,29000000
2025-05-11,Inside Man: Most Wanted,2,2,21800000
2025-05-11,A Deadly American Marriage,3,3,16900000
2025-05-11,Havoc,4,6,16300000
2025-05-11,Twilight,5,4,8700000
2025-05-11,Where the Crawdads Sing,6,5,8700000
2025-05-11,It Takes Two,7,2,6900000
2025-05-11,Home,8,10,6100000
2025-05-11,Britain and The Blitz,9,1,4800000
2025-05-11,Beetlejuice Beetlejuice,10,2,6000000
2025-05-18,Nonnas,1,5,38000000
2025-05-18,A Deadly American Marriage,2,3,22000000
2025-05-18,Havoc,3,6,9900000
2025-05-18,Untold: The Liver King,4,1,5700000
2025-05-18,Inside Man: Most Wanted,5,2,8100000
2025-05-18,Instant Family,6,3,6600000
2025-05-18,Home,7,10,4300000
2025-05-18,Beetlejuice Beetlejuice,8,2,4600000
2025-05-18,It Takes Two,9,2,4400000
2025-05-18,High Plains Drifter,10,1,4100000
2025-05-25,Fear Street: Prom Queen,1,2,16000000
2025-05-25,Puss in Boots: The Last Wish,2,6,14800000
2025-05-25,Nonnas,3,5,16000000
2025-05-25,Untold: The Fall of Favre,4,1,7300000
2025-05-25,Instant Family,5,3,10600000
2025-05-25,Havoc,6,6,9000000
2025-05-25,A Deadly American Marriage,7,3,7500000
2025-05-25,Dr. Seuss' The Cat in the Hat,8,2,5500000
2025-05-25,Air Force Elite: Thunderbirds,9,1,5700000
2025-05-25,The Wild Robot,10,3,5600000
2025-06-01,Fear Street: Prom Queen,1,2,12700000
2025-06-01,The Wild Robot,2,3,9900000
2025-06-01,Aquaman and the Lost Kingdom,3,2,12000000
2025-06-01,Nonnas,4,5,10700000
2025-06-01,Puss in Boots: The Last Wish,5,6,8600000
2025-06-01,Havoc,6,6,6700000
2025-06-01,Instant Family,7,3,6900000
2025-06-01,Dr. Seuss' The Cat in the Hat,8,2,3300000
2025-06-01,Pig,9,1,3600000
2025-06-01,The Boss Baby,10,22,3800000
2025-06-08,STRAW,1,5,45500000
2025-06-08,Now You See Me,2,1,9300000
2025-06-08,Bee Movie,3,3,7300000
2025-06-08,M3GAN,4,1,6400000
2025-06-08,Nonnas,5,5,6000000
2025-06-08,Wrath of the Titans,6,1,5200000
2025-06-08,Aquaman and the Lost Kingdom,7,2,6300000
2025-06-08,Now You See Me 2,8,1,6300000
2025-06-08,Puss in Boots: The Last Wish,9,6,4500000
2025-06-08,The Wild Robot,10,3,4300000
2025-06-15,STRAW,1,5,88000000
2025-06-15,Titan: The OceanGate Submersible Disaster,2,2,32400000
2025-06-15,Plane,3,4,11200000
2025-06-15,Trainwreck: The Astroworld Tragedy,4,2,8400000
2025-06-15,Bee Movie,5,3,7300000
2025-06-15,Get Hard,6,1,7400000
2025-06-15,World War Z,7,2,7400000
2025-06-15,The Super Mario Bros. Movie,8,22,5600000
2025-06-15,Wonka,9,1,6300000
2025-06-15,Mission: Impossible - Dead Reckoning,10,4,6700000
2025-06-22,STRAW,1,5,36000000
2025-06-22,KPop Demon Hunters,2,23,15400000
2025-06-22,Trainwreck: The Astroworld Tragedy,3,2,9800000
2025-06-22,Titan: The OceanGate Submersible Disaster,4,2,12500000
2025-06-22,Plane,5,4,11700000
2025-06-22,Trainwreck: Mayor of Mayhem,6,1,5300000
2025-06-22,Copycat,7,1,12400000
2025-06-22,28 Weeks Later,8,2,7500000
2025-06-22,Land of Bad,9,4,8300000
2025-06-22,The Valet,10,1,8800000
2025-06-29,KPop Demon Hunters,1,23,40300000
2025-06-29,Trainwreck: Poop Cruise,2,2,19300000
2025-06-29,STRAW,3,5,14300000
2025-06-29,The Intern,4,1,11300000
2025-06-29,Land of Bad,5,4,9500000
2025-06-29,28 Weeks Later,6,2,8200000
2025-06-29,The Fate of the Furious,7,2,9000000
2025-06-29,Infinite,8,4,6900000
2025-06-29,The Old Guard,9,3,6700000
2025-06-29,Sing,10,17,5500000
2025-07-06,The Old Guard 2,1,4,66800000
2025-07-06,KPop Demon Hunters,2,23,37800000
2025-07-06,Infinite,3,4,18400000
2025-07-06,The Old Guard,4,3,20000000
2025-07-06,Trainwreck: The Cult of American Apparel,5,1,7000000
2025-07-06,Trainwreck: Poop Cruise,6,2,6500000
2025-07-06,Shark Whisperer,7,1,9200000
2025-07-06,Plane,8,4,10300000
2025-07-06,Grown Ups 2,9,3,9400000
2025-07-06,STRAW,10,5,7500000
2025-07-13,KPop Demon Hunters,1,23,40400000
2025-07-13,Madea’s Destination Wedding,2,4,33100000
2025-07-13,The Old Guard 2,3,4,28500000
2025-07-13,Trainwreck: The Real Project X,4,1,5900000
2025-07-13,The Old Guard,5,3,10300000
2025-07-13,Infinite,6,4,7500000
2025-07-13,Plane,7,4,5900000
2025-07-13,Grown Ups 2,8,3,5000000
2025-07-13,Penguins of Madagascar: The Movie,9,1,4500000
2025-07-13,The Quick and the Dead,10,1,5000000
2025-07-20,KPop Demon Hunters,1,23,43000000
2025-07-20,Madea’s Destination Wedding,2,4,28600000
2025-07-20,Trainwreck: Balloon Boy,3,1,6200000
2025-07-20,The Old Guard 2,4,4,11000000
2025-07-20,Lost on a Mountain in Maine,5,2,7300000
2025-07-20,Happy Gilmore,6,3,6200000
2025-07-20,Ride Along 2,7,2,6200000
2025-07-20,A Madea Homecoming,8,5,5400000
2025-07-20,Smile 2,9,1,6100000
2025-07-20,The Boss Baby,10,22,4100000
2025-07-27,Happy Gilmore 2,1,5,91900000
2025-07-27,KPop Demon Hunters,2,23,43900000
2025-07-27,Happy Gilmore,3,3,17500000
2025-07-27,Lost on a Mountain in Maine,4,2,12300000
2025-07-27,Trainwreck: P.I. Moms,5,1,3700000
2025-07-27,Madea’s Destination Wedding,6,4,7900000
2025-07-27,Hotel Transylvania 3: Summer Vacation,7,11,7200000
2025-07-27,Rampage,8,2,7100000
2025-07-27,The Old Guard 2,9,4,6500000
2025-07-27,Until Dawn,10,1,5600000
2025-08-03,Happy Gilmore 2,1,5,80300000
2025-08-03,KPop Demon Hunters,2,23,43800000
2025-08-03,My Oxford Year,3,4,46300000
2025-08-03,Happy Gilmore,4,3,17400000
2025-08-03,Gladiator II,5,2,21000000
2025-08-03,Trainwreck: Storm Area 51: Season 1,6,1,11300000
2025-08-03,Hotel Transylvania 3: Summer Vacation,7,11,10800000
2025-08-03,Flightplan,8,1,10300000
2025-08-03,Rampage,9,2,8000000
2025-08-03,Madea’s Destination Wedding,10,4,5200000
2025-08-10,My Oxford Year,1,4,51300000
2025-08-10,KPop Demon Hunters,2,23,43100000
2025-08-10,Happy Gilmore 2,3,5,28900000
2025-08-10,Megamind,4,2,12200000
2025-08-10,Gladiator II,5,2,10700000
2025-08-10,Freelance,6,1,7300000
2025-08-10,Hotel Transylvania 3: Summer Vacation,7,11,6400000
2025-08-10,Journey 2: The Mysterious Island,8,3,5800000
2025-08-10,Coach Carter,9,2,8000000
2025-08-10,Kandahar,10,2,6400000
2025-08-17,KPop Demon Hunters,1,23,43300000
2025-08-17,Night Always Comes,2,2,20800000
2025-08-17,My Oxford Year,3,4,20800000
2025-08-17,Happy Gilmore 2,4,5,13800000
2025-08-17,Home,5,10,10200000
2025-08-17,Megamind,6,2,8900000
2025-08-17,Elektra,7,1,8200000
2025-08-17,Kandahar,8,2,8200000
2025-08-17,Fixed,9,1,3900000
2025-08-17,Despicable Me 2,10,19,4300000
2025-08-24,KPop Demon Hunters,1,23,42400000
2025-08-24,Night Always Comes,2,2,22500000
2025-08-24,Welcome to Sudden Death,3,2,8300000
2025-08-24,My Oxford Year,4,4,11200000
2025-08-24,Home,5,10,8900000
2025-08-24,Happy Gilmore 2,6,5,8800000
2025-08-24,Taxi,7,1,7000000
2025-08-24,Paw Patrol: The Movie,8,15,5000000
2025-08-24,The Client,9,1,6300000
2025-08-24,Blended,10,1,5900000
2025-08-31,KPop Demon Hunters,1,23,50200000
2025-08-31,The Thursday Murder Club,2,4,49300000
2025-08-31,Unknown Number: The High School Catfish,3,4,13600000
2025-08-31,Transformers: Rise of the Beasts,4,3,12400000
2025-08-31,The Art of Racing in the Rain,5,1,8100000
2025-08-31,Paw Patrol: The Movie,6,15,6300000
2025-08-31,Home,7,10,5800000
2025-08-31,The Northman,8,1,8200000
2025-08-31,Welcome to Sudden Death,9,2,4700000
2025-08-31,The Truth About Jussie Smollett?,10,1,4700000
2025-09-07,Unknown Number: The High School Catfish,1,4,41700000
2025-09-07,KPop Demon Hunters,2,23,42400000
2025-09-07,The Thursday Murder Club,3,4,37300000
2025-09-07,The Woman King,4,3,9000000
2025-09-07,Shrek,5,15,5400000
2025-09-07,Shrek the Third,6,3,5200000
2025-09-07,Paw Patrol: The Movie,7,15,4100000
2025-09-07,Shrek 2,8,7,4400000
2025-09-07,Wind River,9,1,4900000
2025-09-07,Good Will Hunting,10,1,5700000
2025-09-14,KPop Demon Hunters,1,23,37700000
2025-09-14,The Wrong Paris,2,4,22900000
2025-09-14,Unknown Number: The High School Catfish,3,4,18500000
2025-09-14,aka Charlie Sheen: Season 1,4,3,29500000
2025-09-14,The Thursday Murder Club,5,4,14100000
2025-09-14,Shrek,6,15,4400000
2025-09-14,The Negotiator,7,1,6500000
2025-09-14,Along Came a Spider,8,1,4400000
2025-09-14,Shrek 2,9,7,3900000
2025-09-14,Paw Patrol: The Movie,10,15,3300000
2025-09-21,The Wrong Paris,1,4,38900000
2025-09-21,KPop Demon Hunters,2,23,35400000
2025-09-21,Ice Road: Vengeance,3,1,14400000
2025-09-21,aka Charlie Sheen: Season 1,4,3,21800000
2025-09-21,The Mule,5,2,10900000
2025-09-21,Unknown Number: The High School Catfish,6,4,7100000
2025-09-21,The Thursday Murder Club,7,4,7800000
2025-09-21,Sonic the Hedgehog 3,8,3,6300000
2025-09-21,War Dogs,9,1,5800000
2025-09-21,Terror Comes Knocking: The Marcela Borges Story,10,1,4000000
2025-09-28,KPop Demon Hunters,1,23,32200000
2025-09-28,Ruth & Boaz,2,3,15900000
2025-09-28,The Wrong Paris,3,4,13500000
2025-09-28,Man on Fire,4,6,15700000
2025-09-28,Sonic the Hedgehog 3,5,3,11200000
2025-09-28,Seventh Son,6,1,8400000
2025-09-28,San Andreas,7,1,6800000
2025-09-28,28 Years Later,8,1,6200000
2025-09-28,The Curse of La Llorona,9,1,4900000
2025-09-28,aka Charlie Sheen: Season 1,10,3,8400000
2025-10-05,KPop Demon Hunters,1,23,30200000
2025-10-05,Ruth & Boaz,2,3,21900000
2025-10-05,Karate Kid: Legends,3,1,6100000
2025-10-05,Godzilla x Kong: The New Empire,4,3,7200000
2025-10-05,The Wrong Paris,5,4,6500000
2025-10-05,Dog Man,6,1,4900000
2025-10-05,Man on Fire,7,6,7500000
2025-10-05,Sonic the Hedgehog 3,8,3,4100000
2025-10-05,About My Father,9,2,3200000
2025-10-05,Hop,10,1,3300000
2025-10-12,The Woman in Cabin 10,1,5,33500000
2025-10-12,KPop Demon Hunters,2,23,29700000
2025-10-12,"My Father, the BTK Killer",3,2,9000000
2025-10-12,Godzilla x Kong: The New Empire,4,3,10200000
2025-10-12,Despicable Me 3,5,12,6600000
2025-10-12,The Mask,6,1,7300000
2025-10-12,Ruth & Boaz,7,3,6300000
2025-10-12,The Maze Runner,8,4,7100000
2025-10-12,About My Father,9,2,4400000
2025-10-12,Scary Movie,10,2,4200000
2025-10-19,The Woman in Cabin 10,1,5,47700000
2025-10-19,The Perfect Neighbor,2,3,27500000
2025-10-19,KPop Demon Hunters,3,23,27000000
2025-10-19,"My Father, the BTK Killer",4,2,10100000
2025-10-19,The Twits,5,3,10200000
2025-10-19,Vacation,6,1,7100000
2025-10-19,Despicable Me 3,7,12,5400000
2025-10-19,The Secret Life of Pets 2,8,11,4600000
2025-10-19,Taken in Plain Sight,9,2,4200000
2025-10-19,The Maze Runner,10,4,5200000
2025-10-26,A HOUSE OF DYNAMITE,1,4,42400000
2025-10-26,The Perfect Neighbor,2,3,33400000
2025-10-26,KPop Demon Hunters,3,23,24400000
2025-10-26,The Woman in Cabin 10,4,5,15600000
2025-10-26,The Twits,5,3,13900000
2025-10-26,Don't Say a Word,6,2,14500000
2025-10-26,Taken in Plain Sight,7,2,4700000
2025-10-26,I Know What You Did Last Summer,8,1,5200000
2025-10-26,Despicable Me 3,9,12,4200000
2025-10-26,The Secret Life of Pets 2,10,11,4000000
2025-11-02,A HOUSE OF DYNAMITE,1,4,60500000
2025-11-02,KPop Demon Hunters,2,23,23300000
2025-11-02,Aileen: Queen of the Serial Killers,3,2,17500000
2025-11-02,Ballad of a Small Player,4,2,11900000
2025-11-02,The Perfect Neighbor,5,3,8400000
2025-11-02,The Woman in Cabin 10,6,5,7400000
2025-11-02,Don't Say a Word,7,2,7600000
2025-11-02,The Twits,8,3,5700000
2025-11-02,The Secret Life of Pets,9,10,4500000
2025-11-02,Hotel Transylvania 3: Summer Vacation,10,11,4900000
2025-11-09,Frankenstein,1,3,73600000
2025-11-09,KPop Demon Hunters,2,23,20700000
2025-11-09,A HOUSE OF DYNAMITE,3,4,19500000
2025-11-09,Aileen: Queen of the Serial Killers,4,2,9700000
2025-11-09,Shrek Forever After,5,5,8200000
2025-11-09,Jack Reacher: Never Go Back,6,6,10100000
2025-11-09,Ballad of a Small Player,7,2,8400000
2025-11-09,The Woman in Cabin 10,8,5,5600000
2025-11-09,Shrek,9,15,4900000
2025-11-09,Dr. Seuss's The Sneetches,10,1,3100000
2025-11-16,Frankenstein,1,3,85500000
2025-11-16,A Merry Little Ex-Mas,2,2,19400000
2025-11-16,KPop Demon Hunters,3,23,19300000
2025-11-16,In Your Dreams,4,2,12600000
2025-11-16,Being Eddie,5,1,9800000
2025-11-16,A Time to Kill,6,1,13400000
2025-11-16,The Little Things,7,4,11400000
2025-11-16,A HOUSE OF DYNAMITE,8,4,8300000
2025-11-16,The Marksman,9,4,6200000
2025-11-16,Shrek Forever After,10,5,5500000
2025-11-23,Champagne Problems,1,1,33800000
2025-11-23,In Your Dreams,2,2,25200000
2025-11-23,Frankenstein,3,3,37000000
2025-11-23,The Carman Family Deaths,4,1,15400000
2025-11-23,KPop Demon Hunters,5,23,16900000
2025-11-23,A Merry Little Ex-Mas,6,2,13700000
2025-11-23,Train Dreams,7,1,10700000
2025-11-23,Selena y Los Dinos: A Family’s Legacy,8,1,9300000
2025-11-23,The Little Things,9,4,10100000
2025-11-23,A Man Called Otto,10,5,9600000
2025-11-30,Jingle Bell Heist,1,2,30900000
2025-11-30,Champagne Problems,2,3,23800000
2025-11-30,KPop Demon Hunters,3,25,17300000
2025-11-30,In Your Dreams,4,4,14100000
2025-11-30,Frankenstein,5,5,18600000
2025-11-30,Train Dreams,6,2,12000000
2025-11-30,The Carman Family Deaths,7,2,7200000
2025-11-30,A Merry Little Ex-Mas,8,3,6000000
2025-11-30,Aquaman and the Lost Kingdom,9,3,8000000
2025-11-30,A Man Called Otto,10,6,7500000
2025-12-07,My Secret Santa,1,1,27800000
2025-12-07,Jingle Bell Heist,2,2,16600000
2025-12-07,KPop Demon Hunters,3,25,14400000
2025-12-07,Champagne Problems,4,3,8600000
2025-12-07,Jay Kelly,5,1,11300000
2025-12-07,In Your Dreams,6,4,7300000
2025-12-07,Rio,7,1,6200000
2025-12-07,The Call of the Wild,8,1,6400000
2025-12-07,Frankenstein,9,5,9400000
2025-12-07,Ferdinand,10,3,6500000
